idx,group,drop
0,0,0
1,1,0
2,2,0
3,3,0
4,4,0
5,5,0
6,6,0
7,7,0
8,8,0
9,9,0
10,10,0
11,11,0
12,12,0
13,13,0
14,14,0
15,15,0
16,16,0
17,17,0
18,18,0
19,19,0
20,20,0
21,21,0
22,22,0
23,23,0
24,24,0
25,25,0
26,26,0
27,27,0
28,28,0
29,29,0
30,30,0
31,31,0
32,32,0
33,33,0
34,34,0
35,35,0
36,36,0
37,37,0
38,38,0
39,39,0
40,40,0
41,41,0
42,42,0
43,43,0
44,44,0
45,45,0
46,46,0
47,47,0
48,48,0
49,49,0
50,50,0
51,51,0
52,52,0
53,53,0
54,54,0
55,55,0
56,56,0
57,57,0
58,58,0
59,59,0
60,60,0
61,61,0
62,62,0
63,63,0
64,64,0
65,65,0
66,66,0
67,67,0
68,68,0
69,39,0
70,69,0
71,70,0
72,71,0
73,72,0
74,73,0
75,74,0
76,75,0
77,76,0
78,77,0
79,78,0
80,79,0
81,80,0
82,81,0
83,56,0
84,82,0
85,83,0
86,84,0
87,85,0
88,86,0
89,87,0
90,88,0
91,89,0
92,90,0
93,91,0
94,92,0
95,93,0
96,94,0
97,95,0
98,96,0
99,97,0
100,98,0
101,99,0
102,100,0
103,101,0
104,102,0
105,103,0
106,104,0
107,105,0
108,106,0
109,107,0
110,108,0
111,109,0
112,110,0
113,111,0
114,112,0
115,113,0
116,114,0
117,115,0
118,116,0
119,117,0
120,108,0
121,118,0
122,119,0
123,120,0
124,121,0
125,122,0
126,123,0
127,124,0
128,125,0
129,126,0
130,127,0
131,128,0
132,129,0
133,130,0
134,18,0
135,131,0
136,132,0
137,133,0
138,134,0
139,135,0
140,136,0
141,137,0
142,138,0
143,139,0
144,140,0
145,141,0
146,142,0
147,143,0
148,144,0
149,145,0
150,146,0
151,147,0
152,148,0
153,143,0
154,149,0
155,150,0
156,151,0
157,152,0
158,153,0
159,154,0
160,155,0
161,156,0
162,157,0
163,158,0
164,159,0
165,160,0
166,161,0
167,162,0
168,163,0
169,164,0
170,165,0
171,166,0
172,167,0
173,168,0
174,169,0
175,170,0
176,171,0
177,172,0
178,147,0
179,173,0
180,174,0
181,175,0
182,176,0
183,177,0
184,178,0
185,179,0
186,180,0
187,181,0
188,182,0
189,183,0
190,184,0
191,185,0
192,186,0
193,187,0
194,188,0
195,189,0
196,178,0
197,190,0
198,191,0
199,192,0
200,193,0
201,194,0
202,195,0
203,196,0
204,197,0
205,198,0
206,199,0
207,200,0
208,201,0
209,202,0
210,203,0
211,204,0
212,205,0
213,206,0
214,207,0
215,208,0
216,209,0
217,210,0
218,211,0
219,212,0
220,213,0
221,214,0
222,215,0
223,216,0
224,217,0
225,218,0
226,219,0
227,220,0
228,221,0
229,222,0
230,223,0
231,224,0
232,215,0
233,225,0
234,226,0
235,138,0
236,227,0
237,228,0
238,229,0
239,230,0
240,231,0
241,232,0
242,233,0
243,234,0
244,235,0
245,236,0
246,237,0
247,238,0
248,239,0
249,240,0
250,241,0
251,242,0
252,243,0
253,244,0
254,245,0
255,246,0
256,223,0
257,247,0
258,248,0
259,249,0
260,250,0
261,251,0
262,252,0
263,253,0
264,254,0
265,255,0
266,256,0
267,257,0
268,258,0
269,259,0
270,260,0
271,261,0
272,262,0
273,263,0
274,264,0
275,265,0
276,266,0
277,267,0
278,268,0
279,269,0
280,270,0
281,271,0
282,272,0
283,273,0
284,274,0
285,275,0
286,276,0
287,277,0
288,278,0
289,279,0
290,280,0
291,281,0
292,282,0
293,283,0
294,284,0
295,283,0
296,285,0
297,286,0
298,217,0
299,287,0
300,288,0
301,289,0
302,290,0
303,291,0
304,292,0
305,293,0
306,294,0
307,295,0
308,296,0
309,297,0
310,298,0
311,299,0
312,300,0
313,301,0
314,302,0
315,173,0
316,303,0
317,304,0
318,305,0
319,306,0
320,307,0
321,308,0
322,309,0
323,310,0
324,311,0
325,312,0
326,313,0
327,314,0
328,315,0
329,316,0
330,317,0
331,318,0
332,319,0
333,320,0
334,321,0
335,322,0
336,323,0
337,324,0
338,325,0
339,326,0
340,327,0
341,328,0
342,329,0
343,330,0
344,331,0
345,332,0
346,333,0
347,334,0
348,335,0
349,336,0
350,337,0
351,338,0
352,339,0
353,229,0
354,340,0
355,341,0
356,342,0
357,343,0
358,344,0
359,345,0
360,192,0
361,225,0
362,346,0
363,347,0
364,348,0
365,338,0
366,349,0
367,350,0
368,351,0
369,352,0
370,353,0
371,354,0
372,355,0
373,350,0
374,356,0
375,357,0
376,358,0
377,359,0
378,360,0
379,361,0
380,362,0
381,363,0
382,364,0
383,365,0
384,366,0
385,367,0
386,368,0
387,369,0
388,370,0
389,371,0
390,372,0
391,373,0
392,374,0
393,264,0
394,375,0
395,376,0
396,377,0
397,378,0
398,379,0
399,380,0
400,381,0
401,344,0
402,382,0
403,383,0
404,384,0
405,385,0
406,386,0
407,387,0
408,388,0
409,389,0
410,390,0
411,138,0
412,354,0
413,391,0
414,392,0
415,393,0
416,394,0
417,395,0
418,396,0
419,397,0
420,398,0
421,270,0
422,234,0
423,169,0
424,399,0
425,400,0
426,401,0
427,402,0
428,403,0
429,404,0
430,405,0
431,406,0
432,407,0
433,408,0
434,409,0
435,410,0
436,411,0
437,412,0
438,413,0
439,414,0
440,415,0
441,416,0
442,417,0
443,418,0
444,366,0
445,419,0
446,420,0
447,421,0
448,422,0
449,423,0
450,424,0
451,425,0
452,426,0
453,427,0
454,428,0
455,429,0
456,430,0
457,431,0
458,162,0
459,432,0
460,433,0
461,434,0
462,435,0
463,436,0
464,231,0
465,437,0
466,438,0
467,439,0
468,440,0
469,441,0
470,442,0
471,443,0
472,444,0
473,414,0
474,445,0
475,446,0
476,447,0
477,271,0
478,402,0
479,448,0
480,449,0
481,450,0
482,451,0
483,452,0
484,433,0
485,453,0
486,454,0
487,455,0
488,456,0
489,457,0
490,458,0
491,459,0
492,460,0
493,461,0
494,462,0
495,463,0
496,464,0
497,465,0
498,310,0
499,466,0
500,236,0
501,467,0
502,468,0
503,469,0
504,470,0
505,471,0
506,144,0
507,472,0
508,473,0
509,474,0
510,475,0
511,476,0
512,477,0
513,478,0
514,479,0
515,480,0
516,481,0
517,482,0
518,211,0
519,483,0
520,484,0
521,485,0
522,486,0
523,487,0
524,488,0
525,489,0
526,490,0
527,387,0
528,491,0
529,492,0
530,206,0
531,493,0
532,494,0
533,495,0
534,496,0
535,497,0
536,498,0
537,135,0
538,499,0
539,500,0
540,501,0
541,502,0
542,503,0
543,504,0
544,505,0
545,506,0
546,507,0
547,134,0
548,508,0
549,481,0
550,509,0
551,510,0
552,511,0
553,512,0
554,396,0
555,513,0
556,229,0
557,514,0
558,255,0
559,515,0
560,516,0
561,517,0
562,518,0
563,519,0
564,520,0
565,387,0
566,474,0
567,521,0
568,522,0
569,523,0
570,524,0
571,188,0
572,309,0
573,525,0
574,526,0
575,203,0
576,527,0
577,528,0
578,529,0
579,530,0
580,531,0
581,532,0
582,457,0
583,470,0
584,533,0
585,487,0
586,534,0
587,455,0
588,435,0
589,535,0
590,536,0
591,537,0
592,538,0
593,539,0
594,540,0
595,232,0
596,541,0
597,272,0
598,542,0
599,288,0
600,543,0
601,544,0
602,545,0
603,546,0
604,547,0
605,548,0
606,549,0
607,547,0
608,550,0
609,551,0
610,345,0
611,552,0
612,521,0
613,293,0
614,553,0
615,388,0
616,464,0
617,554,0
618,555,0
619,556,0
620,282,0
621,557,0
622,558,0
623,559,0
624,560,0
625,561,0
626,412,0
627,562,0
628,563,0
629,459,0
630,564,0
631,565,0
632,221,0
633,566,0
634,167,0
635,567,0
636,183,0
637,568,0
638,569,0
639,570,0
640,571,0
641,572,0
642,573,0
643,574,0
644,575,0
645,199,0
646,576,0
647,577,0
648,578,0
649,579,0
650,453,0
651,545,0
652,580,0
653,581,0
654,582,0
655,583,0
656,584,0
657,585,0
658,586,0
659,587,0
660,588,0
661,589,0
662,590,0
663,318,0
664,303,0
665,566,0
666,591,0
667,306,0
668,592,0
669,550,0
670,356,0
671,159,0
672,593,0
673,594,0
674,595,0
675,335,0
676,596,0
677,597,0
678,598,0
679,599,0
680,600,0
681,601,0
682,602,0
683,603,0
684,604,0
685,605,0
686,606,0
687,452,0
688,607,0
689,608,0
690,462,0
691,609,0
692,231,0
693,610,0
694,356,0
695,611,0
696,612,0
697,613,0
698,614,0
699,615,0
700,616,0
701,617,0
702,618,0
703,619,0
704,620,0
705,621,0
706,622,0
707,623,0
708,624,0
709,625,0
710,626,0
711,627,0
712,628,0
713,629,0
714,630,0
715,631,0
716,632,0
717,633,0
718,634,0
719,635,0
720,636,0
721,637,0
722,638,0
723,639,0
724,640,0
725,641,0
726,642,0
727,643,0
728,644,0
729,645,0
730,646,0
731,647,0
732,648,0
733,649,0
734,650,0
735,651,0
736,652,0
737,653,0
738,654,0
739,655,0
740,656,0
741,657,0
742,658,0
743,659,0
744,660,0
745,661,0
746,662,0
747,663,0
748,664,0
749,665,0
750,666,0
751,667,0
752,668,0
753,669,0
754,670,0
755,671,0
756,672,0
757,673,0
758,674,0
759,675,0
760,676,0
761,677,0
762,678,0
763,679,0
764,680,0
765,681,0
766,682,0
767,683,0
768,684,0
769,685,0
770,686,0
771,687,0
772,688,0
773,689,0
774,690,0
775,691,0
776,692,0
777,693,0
778,694,0
779,695,0
780,696,0
781,697,0
782,698,0
783,699,0
784,639,0
785,700,0
786,701,0
787,702,0
788,703,0
789,704,0
790,623,0
791,705,0
792,706,0
793,707,0
794,708,0
795,709,0
796,710,0
797,711,0
798,712,0
799,713,0
800,649,0
801,676,0
802,714,0
803,715,0
804,716,0
805,717,0
806,718,0
807,719,0
808,720,0
809,721,0
810,722,0
811,723,0
812,724,0
813,725,0
814,726,0
815,727,0
816,728,0
817,729,0
818,730,0
819,731,0
820,732,0
821,733,0
822,734,0
823,735,0
824,736,0
825,737,0
826,738,0
827,739,0
828,740,0
829,741,0
830,742,0
831,743,0
832,744,0
833,745,0
834,746,0
835,747,0
836,748,0
837,749,0
838,750,0
839,751,0
840,752,0
841,753,0
842,754,0
843,755,0
844,756,0
845,757,0
846,758,0
847,759,0
848,760,0
849,761,0
850,762,0
851,763,0
852,764,0
853,765,0
854,766,0
855,767,0
856,768,0
857,769,0
858,770,0
859,771,0
860,772,0
861,773,0
862,774,0
863,775,0
864,776,0
865,777,0
866,778,0
867,779,0
868,780,0
869,781,0
870,782,0
871,783,0
872,784,0
873,785,0
874,786,0
875,787,0
876,788,0
877,789,0
878,790,0
879,791,0
880,792,0
881,793,0
882,794,0
883,795,0
884,796,0
885,797,0
886,798,0
887,799,0
888,800,0
889,801,0
890,802,0
891,803,0
892,804,0
893,770,0
894,805,0
895,806,0
896,807,0
897,808,0
898,809,0
899,810,0
900,811,0
901,812,0
902,813,0
903,814,0
904,815,0
905,816,0
906,817,0
907,818,0
908,819,0
909,805,0
910,820,0
911,821,0
912,822,0
913,823,0
914,824,0
915,825,0
916,826,0
917,827,0
918,828,0
919,829,0
920,830,0
921,831,0
922,832,0
923,833,0
924,834,0
925,835,0
926,836,0
927,837,0
928,838,0
929,839,0
930,840,0
931,841,0
932,842,0
933,843,0
934,844,0
935,845,0
936,846,0
937,847,0
938,848,0
939,849,0
940,850,0
941,851,0
942,852,0
943,853,0
944,854,0
945,855,0
946,856,0
947,857,0
948,819,0
949,858,0
950,859,0
951,860,0
952,861,0
953,862,0
954,863,0
955,812,0
956,864,0
957,865,0
958,866,0
959,867,0
960,868,0
961,869,0
962,870,0
963,871,0
964,872,0
965,873,0
966,874,0
967,875,0
968,838,0
969,876,0
970,877,0
971,878,0
972,819,0
973,879,0
974,880,0
975,881,0
976,882,0
977,883,0
978,884,0
979,885,0
980,886,0
981,887,0
982,888,0
983,889,0
984,890,0
985,891,0
986,892,0
987,722,0
988,893,0
989,894,0
990,895,0
991,896,0
992,897,0
993,898,0
994,899,0
995,900,0
996,901,0
997,902,0
998,903,0
999,904,0
1000,905,0
1001,906,0
1002,907,0
1003,908,0
1004,909,0
1005,910,0
1006,911,0
1007,811,0
1008,912,0
1009,913,0
1010,914,0
1011,915,0
1012,916,0
1013,702,0
1014,917,0
1015,918,0
1016,919,0
1017,920,0
1018,921,0
1019,922,0
1020,658,0
1021,923,0
1022,924,0
1023,925,0
1024,926,0
1025,927,0
1026,928,0
1027,929,0
1028,930,0
1029,931,0
1030,932,0
1031,933,0
1032,934,0
1033,935,0
1034,936,0
1035,664,0
1036,937,0
1037,938,0
1038,939,0
1039,940,0
1040,941,0
1041,942,0
1042,943,0
1043,944,0
1044,945,0
1045,946,0
1046,947,0
1047,948,0
1048,949,0
1049,950,0
1050,951,0
1051,952,0
1052,953,0
1053,954,0
1054,955,0
1055,956,0
1056,957,0
1057,958,0
1058,959,0
1059,960,0
1060,961,0
1061,962,0
1062,963,0
1063,964,0
1064,965,0
1065,966,0
1066,967,0
1067,968,0
1068,969,0
1069,970,0
1070,971,0
1071,972,0
1072,973,0
1073,974,0
1074,975,0
1075,976,0
1076,663,0
1077,977,0
1078,978,0
1079,697,0
1080,979,0
1081,980,0
1082,981,0
1083,982,0
1084,983,0
1085,984,0
1086,985,0
1087,986,0
1088,987,0
1089,988,0
1090,989,0
1091,990,0
1092,991,0
1093,985,0
1094,992,0
1095,993,0
1096,945,0
1097,994,0
1098,995,0
1099,996,0
1100,997,0
1101,998,0
1102,999,0
1103,1000,0
1104,1001,0
1105,1002,0
1106,1003,0
1107,1004,0
1108,716,0
1109,1005,0
1110,1006,0
1111,1007,0
1112,1008,0
1113,792,0
1114,1009,0
1115,1010,0
1116,1011,0
1117,1012,0
1118,1013,0
1119,891,0
1120,1014,0
1121,1015,0
1122,990,0
1123,1016,0
1124,1017,0
1125,1018,0
1126,1019,0
1127,1020,0
1128,1021,0
1129,1022,0
1130,1023,0
1131,1024,0
1132,1025,0
1133,1026,0
1134,1027,0
1135,1028,0
1136,1029,0
1137,1030,0
1138,1031,0
1139,1032,0
1140,1033,0
1141,1034,0
1142,1035,0
1143,1036,0
1144,1037,0
1145,1038,0
1146,1039,0
1147,1040,0
1148,1041,0
1149,1042,0
1150,1043,0
1151,1044,0
1152,1045,0
1153,1046,0
1154,1047,0
1155,1044,0
1156,1048,0
1157,1049,0
1158,1050,0
1159,942,0
1160,1051,0
1161,1052,0
1162,1053,0
1163,1054,0
1164,1055,0
1165,1056,0
1166,1057,0
1167,1058,0
1168,1059,0
1169,1060,0
1170,1061,0
1171,1062,0
1172,791,0
1173,1063,0
1174,1064,0
1175,1065,0
1176,628,0
1177,1066,0
1178,893,0
1179,1067,0
1180,1068,0
1181,1003,0
1182,1069,0
1183,642,0
1184,944,0
1185,928,0
1186,1070,0
1187,1071,0
1188,1072,0
1189,1073,0
1190,1074,0
1191,1075,0
1192,655,0
1193,1076,0
1194,1077,0
1195,1078,0
1196,1079,0
1197,1080,0
1198,1081,0
1199,1082,0
1200,1083,0
1201,1084,0
1202,1085,0
1203,1086,0
1204,1087,0
1205,1088,0
1206,696,0
1207,1089,0
1208,1090,0
1209,1091,0
1210,1088,0
1211,1092,0
1212,1093,0
1213,1094,0
1214,1095,0
1215,1096,0
1216,1097,0
1217,1098,0
1218,1099,0
1219,1100,0
1220,1101,0
1221,1102,0
1222,1103,0
1223,925,0
1224,1104,0
1225,642,0
1226,888,0
1227,1105,0
1228,849,0
1229,1106,0
1230,1107,0
1231,1108,0
1232,1109,0
1233,1110,0
1234,1111,0
1235,1112,0
1236,1113,0
1237,730,0
1238,1114,0
1239,1115,0
1240,1116,0
1241,1117,0
1242,1118,0
1243,762,0
1244,1119,0
1245,903,0
1246,1120,0
1247,894,0
1248,1121,0
1249,1122,0
1250,1027,0
1251,1123,0
1252,886,0
1253,1124,0
1254,1125,0
1255,1126,0
1256,1127,0
1257,1128,0
1258,1129,0
1259,1130,0
1260,1131,0
1261,1132,0
1262,1133,0
1263,1134,0
1264,1135,0
1265,1136,0
1266,1137,0
1267,1138,0
1268,712,0
1269,1139,0
1270,1140,0
1271,1141,0
1272,1142,0
1273,1143,0
1274,1144,0
1275,1145,0
1276,1146,0
1277,1147,0
1278,1148,0
1279,1149,0
1280,887,0
1281,1150,0
1282,1151,0
1283,1152,0
1284,1153,0
1285,1154,0
1286,1155,0
1287,1156,0
1288,1157,0
1289,1158,0
1290,935,0
1291,1159,0
1292,1160,0
1293,887,0
1294,1161,0
1295,1162,0
1296,1163,0
1297,1164,0
1298,1165,0
1299,642,0
1300,1166,0
1301,1167,0
1302,662,0
1303,1168,0
1304,823,0
1305,1169,0
1306,1170,0
1307,1171,0
1308,1172,0
1309,1173,0
1310,1174,0
1311,1155,0
1312,1175,0
1313,1176,0
1314,1177,0
1315,1178,0
1316,1179,0
1317,1180,0
1318,1181,0
1319,1182,0
1320,1183,0
1321,1184,0
1322,717,0
1323,1185,0
1324,1186,0
1325,1187,0
1326,1188,0
1327,709,0
1328,1189,0
1329,1190,0
1330,1030,0
1331,1191,0
1332,1192,0
1333,1193,0
1334,1194,0
1335,1195,0
1336,1196,0
1337,1197,0
1338,1198,0
1339,1199,0
1340,1200,0
1341,1201,0
1342,917,0
1343,1202,0
1344,1203,0
1345,1204,0
1346,1205,0
1347,685,0
1348,949,0
1349,1206,0
1350,1207,0
1351,1208,0
1352,1209,0
1353,1209,0
1354,1210,0
1355,1211,0
1356,1212,0
1357,967,0
1358,1213,0
1359,1214,0
1360,1215,0
1361,1216,0
1362,1217,0
1363,1218,0
1364,1219,0
1365,1172,0
1366,1220,0
1367,1221,0
1368,1222,0
1369,1223,0
1370,1224,0
1371,1225,0
1372,1226,0
1373,631,0
1374,1227,0
1375,1228,0
1376,1229,0
1377,1032,0
1378,935,0
1379,1230,0
1380,1231,0
1381,740,0
1382,1232,0
1383,851,0
1384,944,0
1385,1233,0
1386,1234,0
1387,1235,0
1388,1236,0
1389,1237,0
1390,1238,0
1391,1239,0
1392,715,0
1393,1240,0
1394,1241,0
1395,1242,0
1396,1118,0
1397,1243,0
1398,681,0
1399,1244,0
1400,1245,0
1401,1246,0
1402,1247,0
1403,993,0
1404,1248,0
1405,1249,0
1406,1250,0
1407,982,0
1408,1251,0
1409,1252,0
1410,1062,0
1411,1253,0
1412,1254,0
1413,1255,0
1414,1049,0
1415,1256,0
1416,1257,0
1417,1258,0
1418,1259,0
1419,1260,0
1420,1261,0
1421,1262,0
1422,1263,0
1423,1264,0
1424,1265,0
1425,1214,0
1426,1266,0
1427,1267,0
1428,1268,0
1429,1210,0
1430,1269,0
1431,1270,0
1432,1040,0
1433,1271,0
1434,1272,0
1435,1273,0
1436,1274,0
1437,1275,0
1438,1276,0
1439,1277,0
1440,1278,0
1441,723,0
1442,1279,0
1443,1280,0
1444,1127,0
1445,1281,0
1446,1282,0
1447,952,0
1448,1283,0
1449,1284,0
1450,1285,0
1451,1286,0
1452,1287,0
1453,1288,0
1454,1289,0
1455,1290,0
1456,687,0
1457,1291,0
1458,1292,0
1459,1293,0
1460,1294,0
1461,1295,0
1462,1296,0
1463,1297,0
1464,966,0
1465,1298,0
1466,991,0
1467,1299,0
1468,1300,0
1469,1301,0
1470,961,0
1471,1302,0
1472,1303,0
1473,1304,0
1474,1305,0
1475,1306,0
1476,1307,0
1477,1308,0
1478,1309,0
1479,1310,0
1480,815,0
1481,1311,0
1482,1312,0
1483,1313,0
1484,1314,0
1485,1315,0
1486,1316,0
1487,735,0
1488,1317,0
1489,1318,0
1490,1319,0
1491,1320,0
1492,1321,0
1493,1322,0
1494,1323,0
1495,1086,0
1496,1324,0
1497,1288,0
1498,1222,0
1499,1325,0
1500,1326,0
1501,1327,0
1502,1328,0
1503,1329,0
1504,1330,0
1505,1331,0
1506,1332,0
1507,1333,0
1508,1334,0
1509,1335,0
1510,622,0
1511,1336,0
1512,1337,0
1513,1338,0
1514,1339,0
1515,1340,0
1516,1341,0
1517,1342,0
1518,1343,0
1519,654,0
1520,1344,0
1521,1345,0
1522,1346,0
1523,1185,0
1524,1347,0
1525,699,0
1526,1348,0
1527,1349,0
1528,1350,0
1529,1351,0
1530,1352,0
1531,1353,0
1532,1354,0
1533,1355,0
1534,850,0
1535,1356,0
1536,1357,0
1537,1358,0
1538,1024,0
1539,1359,0
1540,1360,0
1541,1361,0
1542,1177,0
1543,789,0
1544,1362,0
1545,1363,0
1546,1364,0
1547,1170,0
1548,1365,0
1549,748,0
1550,929,0
1551,1366,0
1552,1367,0
1553,1368,0
1554,1120,0
1555,1369,0
1556,1110,0
1557,1370,0
1558,1314,0
1559,1371,0
1560,1372,0
1561,1373,0
1562,1374,0
1563,1375,0
1564,1376,0
1565,1377,0
1566,1378,0
1567,1379,0
1568,1380,0
1569,1381,0
1570,756,0
1571,1382,0
1572,829,0
1573,1383,0
1574,1384,0
1575,1385,0
1576,1386,0
1577,859,0
1578,1387,0
1579,1388,0
1580,1226,0
1581,1389,0
1582,1390,0
1583,1391,0
1584,1392,0
1585,1393,0
1586,1394,0
1587,738,0
1588,1125,0
1589,1395,0
1590,1396,0
1591,1397,0
1592,1398,0
1593,1399,0
1594,1400,0
1595,1401,0
1596,1402,0
1597,1403,0
1598,842,0
1599,1404,0
1600,1405,0
1601,1406,0
1602,1407,0
1603,1408,0
1604,1409,0
1605,877,0
1606,1410,0
1607,1411,0
1608,1412,0
1609,1413,0
1610,1414,0
1611,1415,0
1612,1416,0
1613,1076,0
1614,674,0
1615,1417,0
1616,1418,0
1617,1419,0
1618,1420,0
1619,934,0
1620,844,0
1621,1421,0
1622,1422,0
1623,1033,0
1624,901,0
1625,1423,0
1626,882,0
1627,1424,0
1628,1425,0
1629,1426,0
1630,1427,0
1631,1428,0
1632,892,0
1633,1005,0
1634,1429,0
1635,1430,0
1636,1431,0
1637,1432,0
1638,1433,0
1639,1434,0
1640,1201,0
1641,1435,0
1642,1436,0
1643,1029,0
1644,1437,0
1645,1438,0
1646,1439,0
1647,1320,0
1648,1440,0
1649,1441,0
1650,1442,0
1651,665,0
1652,1199,0
1653,1335,0
1654,1443,0
1655,1444,0
1656,1445,0
1657,1446,0
1658,1217,0
1659,1447,0
1660,1448,0
1661,1449,0
1662,1450,0
1663,1451,0
1664,644,0
1665,1452,0
1666,1180,0
1667,764,0
1668,1453,0
1669,1454,0
1670,1156,0
1671,1455,0
1672,1456,0
1673,1457,0
1674,1013,0
1675,1458,0
1676,1459,0
1677,1460,0
1678,1461,0
1679,1278,0
1680,1462,0
1681,1463,0
1682,1381,0
1683,1464,0
1684,1465,0
1685,1466,0
1686,1290,0
1687,1467,0
1688,1468,0
1689,626,0
1690,1469,0
1691,1042,0
1692,1470,0
1693,1252,0
1694,1471,0
1695,1472,0
1696,1331,0
1697,1473,0
1698,677,0
1699,1380,0
1700,1474,0
1701,1475,0
1702,902,0
1703,1394,0
1704,918,0
1705,1476,0
1706,1477,0
1707,1478,0
1708,1479,0
1709,1480,0
1710,1481,0
1711,1482,0
1712,1363,0
1713,1483,0
1714,1190,0
1715,1484,0
1716,1485,0
1717,1486,0
1718,1487,0
1719,1454,0
1720,1488,0
1721,1489,0
1722,779,0
1723,1490,0
1724,1491,0
1725,1492,0
1726,1411,0
1727,1493,0
1728,1494,0
1729,952,0
1730,1495,0
1731,1445,0
1732,1239,0
1733,1496,0
1734,1497,0
1735,1498,0
1736,1499,0
1737,1500,0
1738,1218,0
1739,1501,0
1740,1273,0
1741,1502,0
1742,1503,0
1743,1504,0
1744,1505,0
1745,1506,0
1746,1507,0
1747,1508,0
1748,1509,0
1749,1510,0
1750,1084,0
1751,1511,0
1752,1512,0
1753,1513,0
1754,1514,0
1755,1236,0
1756,1515,0
1757,991,0
1758,1516,0
1759,1517,0
1760,1518,0
1761,1519,0
1762,1520,0
1763,1521,0
1764,1522,0
1765,1523,0
1766,1524,0
1767,1525,0
1768,1526,0
1769,1527,0
1770,1528,0
1771,695,0
1772,1529,0
1773,1530,0
1774,1531,0
1775,1532,0
1776,1174,0
1777,1533,0
1778,1534,0
1779,1535,0
1780,1182,0
1781,1536,0
1782,1537,0
1783,683,0
1784,1538,0
1785,1368,0
1786,955,0
1787,1539,0
1788,1015,0
1789,1540,0
1790,1541,0
1791,1542,0
1792,1065,0
1793,1543,0
1794,1544,0
1795,1545,0
1796,1213,0
1797,1546,0
1798,1547,0
1799,1072,0
1800,1548,0
1801,679,0
1802,1549,0
1803,1050,0
1804,1550,0
1805,1551,0
1806,1552,0
1807,1553,0
1808,1212,0
1809,852,0
1810,961,0
1811,1554,0
1812,1555,0
1813,1556,0
1814,1557,0
1815,1558,0
1816,1559,0
1817,683,0
1818,1560,0
1819,1561,0
1820,1562,0
1821,1563,0
1822,1564,0
1823,1565,0
1824,1566,0
1825,1567,0
1826,1568,0
1827,1569,0
1828,1570,0
1829,1571,0
1830,1357,0
1831,1139,0
1832,1572,0
1833,1573,0
1834,721,0
1835,754,0
1836,1574,0
1837,824,0
1838,1575,0
1839,1220,0
1840,1576,0
1841,1577,0
1842,1578,0
1843,1579,0
1844,809,0
1845,1580,0
1846,1581,0
1847,1175,0
1848,1582,0
1849,1583,0
1850,1584,0
1851,1585,0
1852,1586,0
1853,1316,0
1854,944,0
1855,1183,0
1856,1587,0
1857,1588,0
1858,1550,0
1859,1446,0
1860,1589,0
1861,1011,0
1862,1590,0
1863,1191,0
1864,1591,0
1865,1223,0
1866,1592,0
1867,1593,0
1868,1594,0
1869,1569,0
1870,1595,0
1871,1596,0
1872,1597,0
1873,1598,0
1874,1246,0
1875,1260,0
1876,1456,0
1877,1599,0
1878,1600,0
1879,716,0
1880,757,0
1881,1601,0
1882,1602,0
1883,1603,0
1884,1604,0
1885,1400,0
1886,1605,0
1887,1606,0
1888,1607,0
1889,1608,0
1890,1263,0
1891,1609,0
1892,1610,0
1893,1611,0
1894,1612,0
1895,1613,0
1896,1614,0
1897,720,0
1898,1615,0
1899,1616,0
1900,1617,0
1901,1618,0
1902,682,0
1903,1036,0
1904,1619,0
1905,1620,0
1906,1621,0
1907,1622,0
1908,1623,0
1909,1624,0
1910,661,0
1911,1625,0
1912,1626,0
1913,1627,0
1914,1628,0
1915,1629,0
1916,1630,0
1917,1631,0
1918,1632,0
1919,1633,0
1920,1634,0
1921,1635,0
1922,1636,0
1923,1299,0
1924,1637,0
1925,1638,0
1926,1639,0
1927,1640,0
1928,1641,0
1929,1642,0
1930,1643,0
1931,1644,0
1932,1645,0
1933,1646,0
1934,1647,0
1935,1648,0
1936,818,0
1937,1649,0
1938,740,0
1939,991,0
1940,1650,0
1941,1510,0
1942,1651,0
1943,1652,0
1944,1313,0
1945,1653,0
1946,1654,0
1947,1655,0
1948,1656,0
1949,694,0
1950,1657,0
1951,1658,0
1952,1292,0
1953,1178,0
1954,1659,0
1955,1660,0
1956,1131,0
1957,1399,0
1958,1661,0
1959,1662,0
1960,1663,0
1961,1664,0
1962,1665,0
1963,1666,0
1964,1423,0
1965,1667,0
1966,1668,0
1967,1448,0
1968,1669,0
1969,1670,0
1970,1516,0
1971,1671,0
1972,1038,0
1973,1672,0
1974,1673,0
1975,630,0
1976,1674,0
1977,1675,0
1978,703,0
1979,1351,0
1980,1676,0
1981,1677,0
1982,1678,0
1983,1008,0
1984,1679,0
1985,831,0
1986,1680,0
1987,1561,0
1988,1681,0
1989,1682,0
1990,1539,0
1991,1298,0
1992,1683,0
1993,1684,0
1994,1685,0
1995,1686,0
1996,1687,0
1997,1688,0
1998,1689,0
1999,1690,0
2000,1691,0
2001,1692,0
2002,1684,0
2003,1693,0
2004,1694,0
2005,1695,0
2006,1696,0
2007,1697,0
2008,1698,0
2009,1699,0
2010,1700,0
2011,1701,0
2012,1702,0
2013,1703,0
2014,1704,0
2015,1705,0
2016,1706,0
2017,1707,0
2018,1708,0
2019,1709,0
2020,1710,0
2021,1711,0
2022,1712,0
2023,1713,0
2024,1714,0
2025,1715,0
2026,1716,0
2027,1717,0
2028,1718,0
2029,1719,0
2030,1720,0
2031,1721,0
2032,1722,0
2033,1723,0
2034,1724,0
2035,1725,0
2036,1726,0
2037,1727,0
2038,1728,0
2039,1729,0
2040,1730,0
2041,1731,0
2042,1732,0
2043,1733,0
2044,1724,0
2045,1734,0
2046,1735,0
2047,1705,0
2048,1736,0
2049,1737,0
2050,1738,0
2051,1739,0
2052,1740,0
2053,1741,0
2054,1742,0
2055,1743,0
2056,1744,0
2057,1745,0
2058,1746,0
2059,1747,0
2060,1748,0
2061,1749,0
2062,1750,0
2063,1751,0
2064,1752,0
2065,1753,0
2066,1754,0
2067,1755,0
2068,1756,0
2069,1757,0
2070,1758,0
2071,1759,0
2072,1760,0
2073,1761,0
2074,1762,0
2075,1763,0
2076,1764,0
2077,1765,0
2078,1766,0
2079,1767,0
2080,1768,0
2081,1769,0
2082,1770,0
2083,1771,0
2084,1772,0
2085,1773,0
2086,1774,0
2087,1775,0
2088,1776,0
2089,1777,0
2090,1778,0
2091,1779,0
2092,1780,0
2093,1781,0
2094,1782,0
2095,1783,0
2096,1784,0
2097,1785,0
2098,1786,0
2099,1787,0
2100,1788,0
2101,1789,0
2102,1790,0
2103,1791,0
2104,1792,0
2105,1793,0
2106,1794,0
2107,1795,0
2108,1796,0
2109,1797,0
2110,1798,0
2111,1799,0
2112,1800,0
2113,1801,0
2114,1802,0
2115,1803,0
2116,1804,0
2117,1805,0
2118,1806,0
2119,1807,0
2120,1808,0
2121,1809,0
2122,1810,0
2123,1811,0
2124,1812,0
2125,1813,0
2126,1814,0
2127,1815,0
2128,1816,0
2129,1795,0
2130,1817,0
2131,1818,0
2132,1819,0
2133,1820,0
2134,1821,0
2135,1822,0
2136,1823,0
2137,1824,0
2138,1825,0
2139,1826,0
2140,1827,0
2141,1828,0
2142,1829,0
2143,1830,0
2144,1831,0
2145,1832,0
2146,1833,0
2147,1834,0
2148,1835,0
2149,1836,0
2150,1837,0
2151,1838,0
2152,1839,0
2153,1840,0
2154,1841,0
2155,1842,0
2156,1843,0
2157,1844,0
2158,1820,0
2159,1845,0
2160,1846,0
2161,1847,0
2162,1848,0
2163,1849,0
2164,1850,0
2165,1851,0
2166,1852,0
2167,1853,0
2168,1854,0
2169,1855,0
2170,1856,0
2171,1857,0
2172,1858,0
2173,1859,0
2174,1781,0
2175,1860,0
2176,1861,0
2177,1862,0
2178,1863,0
2179,1864,0
2180,1865,0
2181,1866,0
2182,1867,0
2183,1868,0
2184,1869,0
2185,1870,0
2186,1871,0
2187,1872,0
2188,1873,0
2189,1874,0
2190,1875,0
2191,1876,0
2192,1877,0
2193,1878,0
2194,1879,0
2195,1880,0
2196,1881,0
2197,1882,0
2198,1883,0
2199,1884,0
2200,1885,0
2201,1886,0
2202,1887,0
2203,1888,0
2204,1889,0
2205,1890,0
2206,1891,0
2207,1892,0
2208,1893,0
2209,1894,0
2210,1895,0
2211,1896,0
2212,1897,0
2213,1898,0
2214,1899,0
2215,1900,0
2216,1901,0
2217,1902,0
2218,1903,0
2219,1819,0
2220,1904,0
2221,1905,0
2222,1906,0
2223,1907,0
2224,1880,0
2225,1908,0
2226,1909,0
2227,1910,0
2228,1911,0
2229,1823,0
2230,1912,0
2231,1913,0
2232,1914,0
2233,1915,0
2234,1916,0
2235,1917,0
2236,1877,0
2237,1918,0
2238,1919,0
2239,1920,0
2240,1921,0
2241,1922,0
2242,1923,0
2243,1924,0
2244,1925,0
2245,1926,0
2246,1927,0
2247,1928,0
2248,1929,0
2249,1930,0
2250,1931,0
2251,1932,0
2252,1933,0
2253,1934,0
2254,1935,0
2255,1936,0
2256,1937,0
2257,1938,0
2258,1939,0
2259,1893,0
2260,1940,0
2261,1941,0
2262,1942,0
2263,1841,0
2264,1943,0
2265,1944,0
2266,1945,0
2267,1946,0
2268,1947,0
2269,1948,0
2270,1949,0
2271,1950,0
2272,1951,0
2273,1952,0
2274,1953,0
2275,1954,0
2276,1955,0
2277,1956,0
2278,1957,0
2279,1958,0
2280,1959,0
2281,1960,0
2282,1961,0
2283,1962,0
2284,1963,0
2285,1964,0
2286,1965,0
2287,1966,0
2288,1967,0
2289,1968,0
2290,1969,0
2291,1970,0
2292,1971,0
2293,1972,0
2294,1973,0
2295,1974,0
2296,1975,0
2297,1976,0
2298,1977,0
2299,1978,0
2300,1979,0
2301,1980,0
2302,1981,0
2303,1982,0
2304,1983,0
2305,1984,0
2306,1985,0
2307,1986,0
2308,1987,0
2309,1988,0
2310,1989,0
2311,1990,0
2312,1991,0
2313,1992,0
2314,1993,0
2315,1994,0
2316,1995,0
2317,1996,0
2318,1997,0
2319,1998,0
2320,1999,0
2321,2000,0
2322,2001,0
2323,2002,0
2324,2003,0
2325,2004,0
2326,2005,0
2327,2006,0
2328,2007,0
2329,2008,0
2330,2009,0
2331,2010,0
2332,2011,0
2333,2012,0
2334,2013,0
2335,2014,0
2336,2015,0
2337,2016,0
2338,2017,0
2339,2018,0
2340,1833,0
2341,2019,0
2342,2020,0
2343,2021,0
2344,2022,0
2345,2023,0
2346,2024,0
2347,1814,0
2348,2025,0
2349,2026,0
2350,2027,0
2351,2028,0
2352,2029,0
2353,2030,0
2354,2031,0
2355,2032,0
2356,2033,0
2357,2034,0
2358,2035,0
2359,2036,0
2360,2037,0
2361,2038,0
2362,2039,0
2363,2040,0
2364,1785,0
2365,2041,0
2366,2042,0
2367,2043,0
2368,2044,0
2369,2045,0
2370,2046,0
2371,2047,0
2372,2048,0
2373,2049,0
2374,2050,0
2375,2051,0
2376,2052,0
2377,2053,0
2378,2054,0
2379,2055,0
2380,2056,0
2381,2057,0
2382,2058,0
2383,2059,0
2384,2060,0
2385,2061,0
2386,2062,0
2387,2063,0
2388,2064,0
2389,2065,0
2390,2066,0
2391,2067,0
2392,2068,0
2393,2069,0
2394,2070,0
2395,2071,0
2396,2072,0
2397,2073,0
2398,2074,0
2399,2075,0
2400,2076,0
2401,2077,0
2402,2078,0
2403,2079,0
2404,2080,0
2405,1812,0
2406,2081,0
2407,2082,0
2408,2083,0
2409,2084,0
2410,2085,0
2411,2086,0
2412,2087,0
2413,2088,0
2414,2089,0
2415,2090,0
2416,2091,0
2417,2092,0
2418,2093,0
2419,2094,0
2420,2095,0
2421,2096,0
2422,2097,0
2423,2098,0
2424,2099,0
2425,2100,0
2426,2101,0
2427,2102,0
2428,2103,0
2429,2104,0
2430,2105,0
2431,2106,0
2432,2107,0
2433,2108,0
2434,2109,0
2435,2110,0
2436,2111,0
2437,2112,0
2438,2113,0
2439,1908,0
2440,2114,0
2441,2115,0
2442,2116,0
2443,2117,0
2444,2118,0
2445,2119,0
2446,2120,0
2447,2121,0
2448,2051,0
2449,2122,0
2450,2123,0
2451,2124,0
2452,2125,0
2453,2126,0
2454,2111,0
2455,2127,0
2456,2128,0
2457,2129,0
2458,1830,0
2459,2130,0
2460,2131,0
2461,2132,0
2462,2133,0
2463,2134,0
2464,2135,0
2465,1922,0
2466,1920,0
2467,2136,0
2468,2137,0
2469,2138,0
2470,1827,0
2471,2139,0
2472,2140,0
2473,2141,0
2474,1799,0
2475,2142,0
2476,2143,0
2477,2144,0
2478,2145,0
2479,1801,0
2480,2146,0
2481,1904,0
2482,1846,0
2483,2147,0
2484,2148,0
2485,2149,0
2486,1832,0
2487,2150,0
2488,2151,0
2489,2152,0
2490,2153,0
2491,2154,0
2492,2155,0
2493,2156,0
2494,2157,0
2495,2158,0
2496,2159,0
2497,2160,0
2498,2029,0
2499,2161,0
2500,2162,0
2501,2163,0
2502,2164,0
2503,2165,0
2504,2166,0
2505,2167,0
2506,1912,0
2507,2168,0
2508,2169,0
2509,2170,0
2510,2171,0
2511,2172,0
2512,2173,0
2513,2174,0
2514,1995,0
2515,2175,0
2516,2176,0
2517,2177,0
2518,2178,0
2519,2179,0
2520,2180,0
2521,2181,0
2522,2182,0
2523,2183,0
2524,2184,0
2525,2185,0
2526,2186,0
2527,2187,0
2528,2188,0
2529,2189,0
2530,2190,0
2531,2032,0
2532,2191,0
2533,1794,0
2534,1989,0
2535,2192,0
2536,2041,0
2537,2193,0
2538,2194,0
2539,2195,0
2540,2196,0
2541,1807,0
2542,2197,0
2543,2198,0
2544,2199,0
2545,2200,0
2546,2201,0
2547,2202,0
2548,2203,0
2549,2204,0
2550,2205,0
2551,2206,0
2552,2207,0
2553,2208,0
2554,2209,0
2555,2210,0
2556,2211,0
2557,2212,0
2558,2213,0
2559,2214,0
2560,2215,0
2561,2216,0
2562,2217,0
2563,2218,0
2564,2219,0
2565,2220,0
2566,2221,0
2567,2222,0
2568,2082,0
2569,2223,0
2570,2224,0
2571,2225,0
2572,1974,0
2573,2226,0
2574,2227,0
2575,2228,0
2576,2229,0
2577,2230,0
2578,2231,0
2579,1769,0
2580,2232,0
2581,2233,0
2582,2234,0
2583,2235,0
2584,2236,0
2585,2237,0
2586,2238,0
2587,2239,0
2588,2167,0
2589,2240,0
2590,2241,0
2591,2242,0
2592,2243,0
2593,2244,0
2594,2245,0
2595,2246,0
2596,2247,0
2597,2248,0
2598,2249,0
2599,2250,0
2600,1840,0
2601,2251,0
2602,2252,0
2603,2253,0
2604,2254,0
2605,2255,0
2606,2256,0
2607,2257,0
2608,2258,0
2609,2259,0
2610,2260,0
2611,1803,0
2612,2261,0
2613,1829,0
2614,2262,0
2615,2263,0
2616,2264,0
2617,2265,0
2618,2260,0
2619,2266,0
2620,2267,0
2621,2268,0
2622,2269,0
2623,2135,0
2624,2270,0
2625,1855,0
2626,2271,0
2627,2069,0
2628,2272,0
2629,2273,0
2630,2274,0
2631,2275,0
2632,2276,0
2633,2277,0
2634,2257,0
2635,2278,0
2636,2279,0
2637,2280,0
2638,1936,0
2639,2281,0
2640,2275,0
2641,2282,0
2642,2096,0
2643,2283,0
2644,2284,0
2645,2285,0
2646,2286,0
2647,1958,0
2648,2287,0
2649,2288,0
2650,2289,0
2651,1773,0
2652,2212,0
2653,2290,0
2654,2291,0
2655,2292,0
2656,2293,0
2657,2294,0
2658,2295,0
2659,2296,0
2660,2297,0
2661,2298,0
2662,2299,0
2663,2300,0
2664,2301,0
2665,2302,0
2666,2303,0
2667,2159,0
2668,2304,0
2669,2305,0
2670,2306,0
2671,2307,0
2672,2308,0
2673,2309,0
2674,1767,0
2675,2310,0
2676,2311,0
2677,2143,0
2678,2312,0
2679,2313,0
2680,2226,0
2681,2314,0
2682,2315,0
2683,1880,0
2684,2316,0
2685,2317,0
2686,1854,0
2687,2318,0
2688,2319,0
2689,2320,0
2690,2321,0
2691,2322,0
2692,2323,0
2693,2027,0
2694,2324,0
2695,2325,0
2696,2326,0
2697,2327,0
2698,1992,0
2699,2328,0
2700,2329,0
2701,2330,0
2702,2331,0
2703,2332,0
2704,2333,0
2705,2155,0
2706,2334,0
2707,2250,0
2708,2335,0
2709,2336,0
2710,2337,0
2711,2338,0
2712,2339,0
2713,1848,0
2714,1907,0
2715,2340,0
2716,1959,0
2717,2341,0
2718,2342,0
2719,2343,0
2720,2344,0
2721,1764,0
2722,2345,0
2723,2346,0
2724,2347,0
2725,2348,0
2726,2349,0
2727,2350,0
2728,2351,0
2729,2352,0
2730,2353,0
2731,2327,0
2732,2354,0
2733,1940,0
2734,2355,0
2735,2356,0
2736,2357,0
2737,2358,0
2738,2359,0
2739,1844,0
2740,2360,0
2741,2200,0
2742,2361,0
2743,2362,0
2744,2198,0
2745,2363,0
2746,2364,0
2747,2365,0
2748,2360,0
2749,2366,0
2750,2367,0
2751,2368,0
2752,2369,0
2753,2171,0
2754,2370,0
2755,2236,0
2756,2371,0
2757,2372,0
2758,2373,0
2759,1934,0
2760,2374,0
2761,2375,0
2762,2376,0
2763,2217,0
2764,2377,0
2765,1770,0
2766,2001,0
2767,1851,0
2768,2378,0
2769,2379,0
2770,2380,0
2771,1962,0
2772,2381,0
2773,2382,0
2774,2383,0
2775,2384,0
2776,2385,0
2777,2386,0
2778,2387,0
2779,2357,0
2780,2388,0
2781,2325,0
2782,2389,0
2783,2390,0
2784,2391,0
2785,2392,0
2786,2393,0
2787,2394,0
2788,2395,0
2789,2251,0
2790,2396,0
2791,2397,0
2792,2398,0
2793,2399,0
2794,2400,0
2795,2401,0
2796,2402,0
2797,2038,0
2798,2403,0
2799,2404,0
2800,2405,0
2801,2406,0
2802,2407,0
2803,2408,0
2804,2409,0
2805,2410,0
2806,1787,0
2807,2411,0
2808,2412,0
2809,2413,0
2810,2342,0
2811,2414,0
2812,2415,0
2813,2416,0
2814,2417,0
2815,2418,0
2816,2419,0
2817,2420,0
2818,2421,0
2819,2422,0
2820,2423,0
2821,2424,0
2822,2190,0
2823,2425,0
2824,2426,0
2825,2427,0
2826,2428,0
2827,2429,0
2828,2284,0
2829,2195,0
2830,2376,0
2831,2430,0
2832,2431,0
2833,1935,0
2834,2380,0
2835,2432,0
2836,2433,0
2837,2434,0
2838,2435,0
2839,2436,0
2840,2437,0
2841,2438,0
2842,2439,0
2843,2440,0
2844,2441,0
2845,2442,0
2846,2443,0
2847,2284,0
2848,2409,0
2849,1786,0
2850,2444,0
2851,2445,0
2852,2446,0
2853,2123,0
2854,2447,0
2855,2055,0
2856,2098,0
2857,2448,0
2858,2107,0
2859,2449,0
2860,2339,0
2861,2450,0
2862,2451,0
2863,2452,0
2864,2453,0
2865,2454,0
2866,2401,0
2867,2455,0
2868,2456,0
2869,2457,0
2870,2458,0
2871,2459,0
2872,2460,0
2873,2461,0
2874,2060,0
2875,2148,0
2876,2462,0
2877,2463,0
2878,2464,0
2879,2465,0
2880,2312,0
2881,2466,0
2882,2467,0
2883,2468,0
2884,2469,0
2885,2470,0
2886,2471,0
2887,2472,0
2888,2040,0
2889,2473,0
2890,2474,0
2891,2475,0
2892,2476,0
2893,2477,0
2894,2478,0
2895,2301,0
2896,2235,0
2897,2479,0
2898,2474,0
2899,1914,0
2900,2480,0
2901,2481,0
2902,2482,0
2903,2483,0
2904,2484,0
2905,2445,0
2906,2485,0
2907,2486,0
2908,2487,0
2909,2488,0
2910,2489,0
2911,2139,0
2912,2490,0
2913,2491,0
2914,2125,0
2915,1852,0
2916,2492,0
2917,2493,0
2918,2494,0
2919,2495,0
2920,2496,0
2921,2497,0
2922,2498,0
2923,2499,0
2924,2500,0
2925,2501,0
2926,2019,0
2927,2502,0
2928,2503,0
2929,1789,0
2930,2504,0
2931,1779,0
2932,2505,0
2933,2506,0
2934,2507,0
2935,2508,0
2936,2509,0
2937,2458,0
2938,2510,0
2939,2511,0
2940,2512,0
2941,2510,0
2942,2513,0
2943,2514,0
2944,2515,0
2945,2516,0
2946,1835,0
2947,2517,0
2948,2062,0
2949,2518,0
2950,2519,0
2951,2520,0
2952,2521,0
2953,2522,0
2954,2523,0
2955,2524,0
2956,2005,0
2957,2525,0
2958,1781,0
2959,2526,0
2960,2363,0
2961,2508,0
2962,2527,0
2963,2528,0
2964,2529,0
2965,2530,0
2966,2531,0
2967,1921,0
2968,2532,0
2969,2512,0
2970,2533,0
2971,2534,0
2972,2535,0
2973,2536,0
2974,2537,0
2975,2538,0
2976,2539,0
2977,2540,0
2978,2541,0
2979,2526,0
2980,2542,0
2981,2543,0
2982,2544,0
2983,2545,0
2984,2546,0
2985,2547,0
2986,2548,0
2987,2549,0
2988,2550,0
2989,2429,0
2990,2551,0
2991,2552,0
2992,2553,0
2993,2554,0
2994,2555,0
2995,2556,0
2996,2557,0
2997,2558,0
2998,2559,0
2999,2560,0
3000,2164,0
3001,2561,0
3002,2562,0
3003,2563,0
3004,2564,0
3005,2565,0
3006,2397,0
3007,2566,0
3008,2567,0
3009,2545,0
3010,2568,0
3011,2569,0
3012,2570,0
3013,2571,0
3014,2572,0
3015,2573,0
3016,2153,0
3017,2574,0
3018,2575,0
3019,2073,0
3020,2576,0
3021,2577,0
3022,2578,0
3023,2579,0
3024,2580,0
3025,2581,0
3026,2172,0
3027,2582,0
3028,2583,0
3029,2584,0
3030,1836,0
3031,2585,0
3032,2586,0
3033,2587,0
3034,2340,0
3035,2150,0
3036,2490,0
3037,2588,0
3038,2589,0
3039,2590,0
3040,2591,0
3041,2592,0
3042,1894,0
3043,2180,0
3044,2593,0
3045,2594,0
3046,2595,0
3047,2596,0
3048,2597,0
3049,2598,0
3050,2599,0
3051,2600,0
3052,2601,0
3053,1873,0
3054,2298,0
3055,1995,0
3056,2602,0
3057,2603,0
3058,2604,0
3059,2564,0
3060,2605,0
3061,2606,0
3062,2240,0
3063,2245,0
3064,2347,0
3065,2607,0
3066,2390,0
3067,2608,0
3068,2609,0
3069,2610,0
3070,2611,0
3071,1923,0
3072,2612,0
3073,2413,0
3074,2613,0
3075,2614,0
3076,2615,0
3077,2588,0
3078,2616,0
3079,2617,0
3080,2618,0
3081,2619,0
3082,2620,0
3083,2621,0
3084,2622,0
3085,2623,0
3086,2624,0
3087,2625,0
3088,2626,0
3089,2627,0
3090,2628,0
3091,2537,0
3092,1853,0
3093,2594,0
3094,2629,0
3095,2630,0
3096,2389,0
3097,2631,0
3098,2632,0
3099,2633,0
3100,2271,0
3101,2634,0
3102,2635,0
3103,2636,0
3104,2637,0
3105,2638,0
3106,2639,0
3107,2640,0
3108,2327,0
3109,1818,0
3110,2418,0
3111,2641,0
3112,2642,0
3113,2643,0
3114,2426,0
3115,2296,0
3116,2644,0
3117,2645,0
3118,2646,0
3119,1883,0
3120,2553,0
3121,2436,0
3122,2647,0
3123,2648,0
3124,2649,0
3125,2650,0
3126,2254,0
3127,2567,0
3128,2437,0
3129,2651,0
3130,1778,0
3131,2652,0
3132,2653,0
3133,2654,0
3134,2655,0
3135,2170,0
3136,1875,0
3137,2656,0
3138,2657,0
3139,2658,0
3140,2659,0
3141,2581,0
3142,2660,0
3143,2661,0
3144,2453,0
3145,2662,0
3146,2415,0
3147,2410,0
3148,2663,0
3149,2664,0
3150,2665,0
3151,1930,0
3152,2666,0
3153,2667,0
3154,2668,0
3155,2669,0
3156,2670,0
3157,2671,0
3158,2672,0
3159,2673,0
3160,2674,0
3161,2675,0
3162,2676,0
3163,2455,0
3164,2083,0
3165,2677,0
3166,2678,0
3167,2679,0
3168,2680,0
3169,2681,0
3170,2682,0
3171,2683,0
3172,2590,0
3173,2684,0
3174,2685,0
3175,2141,0
3176,2139,0
3177,2686,0
3178,2687,0
3179,2688,0
3180,2646,0
3181,2689,0
3182,2690,0
3183,2691,0
3184,2692,0
3185,2693,0
3186,2694,0
3187,2695,0
3188,2680,0
3189,2696,0
3190,2432,0
3191,2697,0
3192,2698,0
3193,2468,0
3194,2699,0
3195,2700,0
3196,2701,0
3197,1979,0
3198,2348,0
3199,2702,0
3200,2703,0
3201,2704,0
3202,2705,0
3203,2706,0
3204,1841,0
3205,2707,0
3206,2708,0
3207,2709,0
3208,2710,0
3209,2711,0
3210,2712,0
3211,2340,0
3212,2713,0
3213,2714,0
3214,2182,0
3215,2715,0
3216,2716,0
3217,2271,0
3218,2717,0
3219,2718,0
3220,1791,0
3221,2005,0
3222,2719,0
3223,2331,0
3224,2720,0
3225,2180,0
3226,2721,0
3227,2722,0
3228,2524,0
3229,2723,0
3230,2724,0
3231,2712,0
3232,2494,0
3233,2725,0
3234,2289,0
3235,2726,0
3236,2727,0
3237,2728,0
3238,2729,0
3239,2730,0
3240,2731,0
3241,2059,0
3242,2732,0
3243,2075,0
3244,2733,0
3245,2734,0
3246,1782,0
3247,2735,0
3248,2736,0
3249,2487,0
3250,2737,0
3251,2738,0
3252,2739,0
3253,2740,0
3254,2741,0
3255,2234,0
3256,2742,0
3257,1872,0
3258,2743,0
3259,2441,0
3260,2744,0
3261,2745,0
3262,2746,0
3263,2747,0
3264,2123,0
3265,2748,0
3266,2307,0
3267,2749,0
3268,2750,0
3269,2751,0
3270,2752,0
3271,2753,0
3272,2754,0
3273,2680,0
3274,2755,0
3275,2756,0
3276,2757,0
3277,2088,0
3278,1874,0
3279,2541,0
3280,2758,0
3281,2759,0
3282,2231,0
3283,2061,0
3284,2760,0
3285,2761,0
3286,2067,0
3287,2762,0
3288,2763,0
3289,2764,0
3290,2765,0
3291,2072,0
3292,1831,0
3293,2317,0
3294,2618,0
3295,2766,0
3296,2767,0
3297,2629,0
3298,2768,0
3299,1964,0
3300,2769,0
3301,2770,0
3302,2771,0
3303,2753,0
3304,2772,0
3305,2773,0
3306,2774,0
3307,2775,0
3308,2776,0
3309,2777,0
3310,2778,0
3311,2779,0
3312,2780,0
3313,2781,0
3314,2660,0
3315,2782,0
3316,2083,0
3317,2783,0
3318,2744,0
3319,2784,0
3320,2785,0
3321,2786,0
3322,2787,0
3323,2788,0
3324,2789,0
3325,2790,0
3326,2791,0
3327,2792,0
3328,2793,0
3329,2794,0
3330,2795,0
3331,2796,0
3332,2797,0
3333,2798,0
3334,2799,0
3335,2800,0
3336,2801,0
3337,2802,0
3338,2803,0
3339,2804,0
3340,2805,0
3341,2806,0
3342,2807,0
3343,2808,0
3344,2809,0
3345,2810,0
3346,2811,0
3347,2812,0
3348,2813,0
3349,2814,0
3350,2815,0
3351,2816,0
3352,2817,0
3353,2818,0
3354,2819,0
3355,2820,0
3356,2821,0
3357,2822,0
3358,2823,0
3359,2824,0
3360,2825,0
3361,2826,0
3362,2827,0
3363,2828,0
3364,2829,0
3365,2830,0
3366,2831,0
3367,2832,0
3368,2833,0
3369,2834,0
3370,2835,0
3371,2836,0
3372,2837,0
3373,2838,0
3374,2839,0
3375,2840,0
3376,2841,0
3377,2842,0
3378,2843,0
3379,2844,0
3380,2845,0
3381,2792,0
3382,2846,0
3383,2847,0
3384,2848,0
3385,2849,0
3386,2840,0
3387,2850,0
3388,2851,0
3389,2852,0
3390,2853,0
3391,2854,0
3392,2837,0
3393,2855,0
3394,2856,0
3395,2857,0
3396,2858,0
3397,2859,0
3398,2860,0
3399,2861,0
3400,2862,0
3401,2863,0
3402,2864,0
3403,2865,0
3404,2866,0
3405,2867,0
3406,2868,0
3407,2869,0
3408,2870,0
3409,2871,0
3410,2872,0
3411,2873,0
3412,2874,0
3413,2875,0
3414,2876,0
3415,2877,0
3416,2878,0
3417,2879,0
3418,2880,0
3419,2881,0
3420,2882,0
3421,2883,0
3422,2884,0
3423,2885,0
3424,2886,0
3425,2887,0
3426,2863,0
3427,2888,0
3428,2889,0
3429,2890,0
3430,2891,0
3431,2892,0
3432,2893,0
3433,2894,0
3434,2895,0
3435,2896,0
3436,2897,0
3437,2898,0
3438,2899,0
3439,2900,0
3440,2901,0
3441,2902,0
3442,2903,0
3443,2904,0
3444,2905,0
3445,2906,0
3446,2907,0
3447,2908,0
3448,2909,0
3449,2910,0
3450,2911,0
3451,2878,0
3452,2912,0
3453,2891,0
3454,2913,0
3455,2914,0
3456,2915,0
3457,2916,0
3458,2917,0
3459,2918,0
3460,2919,0
3461,2920,0
3462,2921,0
3463,2922,0
3464,2923,0
3465,2924,0
3466,2925,0
3467,2926,0
3468,2927,0
3469,2928,0
3470,2929,0
3471,2930,0
3472,2931,0
3473,2932,0
3474,2933,0
3475,2934,0
3476,2935,0
3477,2936,0
3478,2937,0
3479,2938,0
3480,2939,0
3481,2940,0
3482,2941,0
3483,2942,0
3484,2943,0
3485,2944,0
3486,2945,0
3487,2946,0
3488,2947,0
3489,2948,0
3490,2949,0
3491,2950,0
3492,2951,0
3493,2952,0
3494,2953,0
3495,2954,0
3496,2955,0
3497,2956,0
3498,2957,0
3499,2958,0
3500,2959,0
3501,2960,0
3502,2961,0
3503,2962,0
3504,2963,0
3505,2964,0
3506,2965,0
3507,2966,0
3508,2967,0
3509,2968,0
3510,2969,0
3511,2970,0
3512,2971,0
3513,2972,0
3514,2973,0
3515,2974,0
3516,2975,0
3517,2976,0
3518,2977,0
3519,2978,0
3520,2979,0
3521,2980,0
3522,2981,0
3523,2982,0
3524,2983,0
3525,2984,0
3526,2985,0
3527,2986,0
3528,2876,0
3529,2987,0
3530,2988,0
3531,2989,0
3532,2990,0
3533,2991,0
3534,2889,0
3535,2992,0
3536,2993,0
3537,2994,0
3538,2995,0
3539,2996,0
3540,2997,0
3541,2998,0
3542,2999,0
3543,3000,0
3544,3001,0
3545,3002,0
3546,3003,0
3547,3004,0
3548,3005,0
3549,3006,0
3550,3007,0
3551,3008,0
3552,3009,0
3553,3010,0
3554,3011,0
3555,3012,0
3556,3013,0
3557,3014,0
3558,3015,0
3559,2882,0
3560,3016,0
3561,3017,0
3562,3018,0
3563,3019,0
3564,3020,0
3565,3021,0
3566,3022,0
3567,3023,0
3568,3024,0
3569,3025,0
3570,3026,0
3571,3027,0
3572,3028,0
3573,3029,0
3574,3030,0
3575,3031,0
3576,3032,0
3577,3033,0
3578,3034,0
3579,3035,0
3580,3036,0
3581,3037,0
3582,3038,0
3583,3039,0
3584,3040,0
3585,3041,0
3586,3042,0
3587,3043,0
3588,3044,0
3589,3045,0
3590,3046,0
3591,3047,0
3592,3048,0
3593,3049,0
3594,3050,0
3595,3051,0
3596,3052,0
3597,3053,0
3598,3054,0
3599,3055,0
3600,3056,0
3601,3057,0
3602,3058,0
3603,3059,0
3604,3060,0
3605,3061,0
3606,3062,0
3607,3063,0
3608,3064,0
3609,3065,0
3610,3066,0
3611,3067,0
3612,3068,0
3613,3069,0
3614,3070,0
3615,3071,0
3616,3072,0
3617,3073,0
3618,3074,0
3619,3075,0
3620,3076,0
3621,3077,0
3622,3078,0
3623,3079,0
3624,3080,0
3625,3081,0
3626,3082,0
3627,3083,0
3628,3084,0
3629,3085,0
3630,3086,0
3631,3087,0
3632,3088,0
3633,3089,0
3634,3090,0
3635,3091,0
3636,3092,0
3637,3093,0
3638,3094,0
3639,3095,0
3640,3096,0
3641,3097,0
3642,3098,0
3643,3099,0
3644,3100,0
3645,3101,0
3646,3102,0
3647,3103,0
3648,3104,0
3649,3105,0
3650,3106,0
3651,3107,0
3652,3108,0
3653,3109,0
3654,3110,0
3655,3111,0
3656,3112,0
3657,3113,0
3658,3114,0
3659,3115,0
3660,3116,0
3661,3117,0
3662,3118,0
3663,3119,0
3664,3120,0
3665,3121,0
3666,3122,0
3667,3123,0
3668,3124,0
3669,3125,0
3670,3126,0
3671,3127,0
3672,3128,0
3673,3129,0
3674,3130,0
3675,3131,0
3676,3132,0
3677,3133,0
3678,3134,0
3679,3135,0
3680,3136,0
3681,3137,0
3682,3138,0
3683,3139,0
3684,3140,0
3685,3141,0
3686,3142,0
3687,3143,0
3688,3144,0
3689,3145,0
3690,3146,0
3691,3147,0
3692,3148,0
3693,3149,0
3694,3150,0
3695,3151,0
3696,3152,0
3697,3153,0
3698,3154,0
3699,3155,0
3700,3156,0
3701,3157,0
3702,3158,0
3703,3159,0
3704,3160,0
3705,3161,0
3706,3162,0
3707,3163,0
3708,3164,0
3709,3165,0
3710,3166,0
3711,3167,0
3712,3168,0
3713,3169,0
3714,3170,0
3715,3171,0
3716,3172,0
3717,3173,0
3718,3174,0
3719,3175,0
3720,3176,0
3721,3177,0
3722,3178,0
3723,3179,0
3724,3180,0
3725,3181,0
3726,3182,0
3727,3183,0
3728,3184,0
3729,3185,0
3730,3186,0
3731,3187,0
3732,3188,0
3733,3189,0
3734,3190,0
3735,3191,0
3736,3192,0
3737,3193,0
3738,3194,0
3739,3195,0
3740,3196,0
3741,3197,0
3742,3198,0
3743,3199,0
3744,3200,0
3745,3201,0
3746,3202,0
3747,3203,0
3748,3204,0
3749,3205,0
3750,3206,0
3751,3207,0
3752,3208,0
3753,3209,0
3754,3210,0
3755,3211,0
3756,3212,0
3757,3213,0
3758,3214,0
3759,3215,0
3760,3216,0
3761,3113,0
3762,3217,0
3763,3206,0
3764,3218,0
3765,3118,0
3766,3219,0
3767,3220,0
3768,3221,0
3769,3222,0
3770,3223,0
3771,3224,0
3772,3225,0
3773,3226,0
3774,3227,0
3775,3228,0
3776,3229,0
3777,3230,0
3778,3231,0
3779,3232,0
3780,3233,0
3781,3234,0
3782,3235,0
3783,3236,0
3784,3237,0
3785,3119,0
3786,3238,0
3787,3239,0
3788,3240,0
3789,3241,0
3790,3242,0
3791,3243,0
3792,3244,0
3793,3245,0
3794,3246,0
3795,3247,0
3796,3248,0
3797,3249,0
3798,3250,0
3799,3251,0
3800,3252,0
3801,3253,0
3802,3254,0
3803,3255,0
3804,3256,0
3805,3257,0
3806,3258,0
3807,3259,0
3808,3260,0
3809,3261,0
3810,3262,0
3811,3263,0
3812,3264,0
3813,3265,0
3814,3266,0
3815,3267,0
3816,3268,0
3817,3269,0
3818,3270,0
3819,3271,0
3820,3272,0
3821,3273,0
3822,3274,0
3823,3275,0
3824,3276,0
3825,3277,0
3826,3278,0
3827,3279,0
3828,3280,0
3829,3281,0
3830,3282,0
3831,3283,0
3832,3284,0
3833,3285,0
3834,3286,0
3835,3287,0
3836,3288,0
3837,3285,0
3838,3289,0
3839,3290,0
3840,3291,0
3841,3292,0
3842,3293,0
3843,3294,0
3844,3295,0
3845,3296,0
3846,3297,0
3847,3298,0
3848,3299,0
3849,3300,0
3850,3301,0
3851,3302,0
3852,3303,0
3853,3304,0
3854,3305,0
3855,3306,0
3856,3307,0
3857,3308,0
3858,3309,0
3859,3310,0
3860,3311,0
3861,3312,0
3862,3313,0
3863,3314,0
3864,3315,0
3865,3316,0
3866,3317,0
3867,3318,0
3868,3319,0
3869,3320,0
3870,3321,0
3871,3322,0
3872,3323,0
3873,3324,0
3874,3325,0
3875,3326,0
3876,3327,0
3877,3328,0
3878,3329,0
3879,3330,0
3880,3331,0
3881,3332,0
3882,3333,0
3883,3334,0
3884,3335,0
3885,3336,0
3886,3337,0
3887,3338,0
3888,3339,0
3889,3340,0
3890,3341,0
3891,3342,0
3892,3343,0
3893,3344,0
3894,3345,0
3895,3346,0
3896,3347,0
3897,3348,0
3898,3349,0
3899,3350,0
3900,3351,0
3901,3352,0
3902,3353,0
3903,3354,0
3904,3355,0
3905,3356,0
3906,3357,0
3907,3358,0
3908,3359,0
3909,3360,0
3910,3361,0
3911,3362,0
3912,3363,0
3913,3364,0
3914,3365,0
3915,3366,0
3916,3367,0
3917,3368,0
3918,3369,0
3919,3370,0
3920,3371,0
3921,3372,0
3922,3373,0
3923,3374,0
3924,3375,0
3925,3376,0
3926,3377,0
3927,3378,0
3928,3379,0
3929,3380,0
3930,3381,0
3931,3382,0
3932,3383,0
3933,3384,0
3934,3385,0
3935,3386,0
3936,3387,0
3937,3388,0
3938,3389,0
3939,3390,0
3940,3391,0
3941,3392,0
3942,3393,0
3943,3394,0
3944,3395,0
3945,3396,0
3946,3397,0
3947,3398,0
3948,3399,0
3949,3400,0
3950,3401,0
3951,3402,0
3952,3403,0
3953,3404,0
3954,3405,0
3955,3406,0
3956,3407,0
3957,3408,0
3958,3409,0
3959,3410,0
3960,3411,0
3961,3412,0
3962,3413,0
3963,3414,0
3964,3415,0
3965,3416,0
3966,3417,0
3967,3418,0
3968,3419,0
3969,3420,0
3970,3421,0
3971,3422,0
3972,3423,0
3973,3424,0
3974,3425,0
3975,3426,0
3976,3427,0
3977,3428,0
3978,3429,0
3979,3430,0
3980,3431,0
3981,3432,0
3982,3433,0
3983,3434,0
3984,3435,0
3985,3436,0
3986,3437,0
3987,3438,0
3988,3439,0
3989,3440,0
3990,3441,0
3991,3442,0
3992,3443,0
3993,3444,0
3994,3445,0
3995,3446,0
3996,3447,0
3997,3448,0
3998,3449,0
3999,3450,0
4000,3451,0
4001,3452,0
4002,3453,0
4003,3454,0
4004,3455,0
4005,3370,0
4006,3456,0
4007,3457,0
4008,3458,0
4009,3459,0
4010,3460,0
4011,3461,0
4012,3462,0
4013,3463,0
4014,3464,0
4015,3465,0
4016,3466,0
4017,3467,0
4018,3468,0
4019,3469,0
4020,3470,0
4021,3471,0
4022,3472,0
4023,3473,0
4024,3474,0
4025,3475,0
4026,3390,0
4027,3476,0
4028,3477,0
4029,3478,0
4030,3479,0
4031,3480,0
4032,3481,0
4033,3482,0
4034,3483,0
4035,3484,0
4036,3485,0
4037,3486,0
4038,3487,0
4039,3488,0
4040,3489,0
4041,3490,0
4042,3473,0
4043,3491,0
4044,3492,0
4045,3493,0
4046,3494,0
4047,3495,0
4048,3496,0
4049,3497,0
4050,3498,0
4051,3499,0
4052,3500,0
4053,3501,0
4054,3502,0
4055,3503,0
4056,3504,0
4057,3335,0
4058,3505,0
4059,3506,0
4060,3507,0
4061,3508,0
4062,3509,0
4063,3510,0
4064,3347,0
4065,3511,0
4066,3512,0
4067,3513,0
4068,3514,0
4069,3515,0
4070,3516,0
4071,3517,0
4072,3518,0
4073,3519,0
4074,3520,0
4075,3521,0
4076,3522,0
4077,3523,0
4078,3524,0
4079,3525,0
4080,3526,0
4081,3527,0
4082,3528,0
4083,3529,0
4084,3530,0
4085,3531,0
4086,3532,0
4087,3533,0
4088,3534,0
4089,3535,0
4090,3536,0
4091,3537,0
4092,3538,0
4093,3539,0
4094,3540,0
4095,3541,0
4096,3542,0
4097,3543,0
4098,3544,0
4099,3545,0
4100,3546,0
4101,3547,0
4102,3548,0
4103,3549,0
4104,3264,0
4105,3550,0
4106,3551,0
4107,3552,0
4108,3553,0
4109,3554,0
4110,3555,0
4111,3556,0
4112,3557,0
4113,3558,0
4114,3559,0
4115,3560,0
4116,3561,0
4117,3562,0
4118,3563,0
4119,3564,0
4120,3565,0
4121,3566,0
4122,3567,0
4123,3568,0
4124,3569,0
4125,3570,0
4126,3417,0
4127,3571,0
4128,3572,0
4129,3573,0
4130,3574,0
4131,3575,0
4132,3576,0
4133,3577,0
4134,3480,0
4135,3578,0
4136,3579,0
4137,3580,0
4138,3581,0
4139,3582,0
4140,3574,0
4141,3583,0
4142,3584,0
4143,3585,0
4144,3586,0
4145,3587,0
4146,3588,0
4147,3589,0
4148,3590,0
4149,3591,0
4150,3592,0
4151,3593,0
4152,3594,0
4153,3595,0
4154,3368,0
4155,3596,0
4156,3597,0
4157,3598,0
4158,3599,0
4159,3600,0
4160,3601,0
4161,3602,0
4162,3603,0
4163,3604,0
4164,3605,0
4165,3606,0
4166,3607,0
4167,3608,0
4168,3609,0
4169,3610,0
4170,3611,0
4171,3612,0
4172,3613,0
4173,3614,0
4174,3615,0
4175,3616,0
4176,3617,0
4177,3618,0
4178,3619,0
4179,3620,0
4180,3621,0
4181,3622,0
4182,3623,0
4183,3624,0
4184,3625,0
4185,3626,0
4186,3627,0
4187,3628,0
4188,3629,0
4189,3630,0
4190,3275,0
4191,3631,0
4192,3632,0
4193,3633,0
4194,3634,0
4195,3635,0
4196,3636,0
4197,3637,0
4198,3638,0
4199,3639,0
4200,3640,0
4201,3641,0
4202,3642,0
4203,3643,0
4204,3644,0
4205,3645,0
4206,3646,0
4207,3447,0
4208,3647,0
4209,3648,0
4210,3649,0
4211,3650,0
4212,3651,0
4213,3652,0
4214,3653,0
4215,3654,0
4216,3655,0
4217,3656,0
4218,3657,0
4219,3658,0
4220,3659,0
4221,3660,0
4222,3661,0
4223,3490,0
4224,3662,0
4225,3663,0
4226,3664,0
4227,3665,0
4228,3666,0
4229,3663,0
4230,3667,0
4231,3668,0
4232,3669,0
4233,3670,0
4234,3468,0
4235,3671,0
4236,3672,0
4237,3673,0
4238,3674,0
4239,3675,0
4240,3676,0
4241,3677,0
4242,3678,0
4243,3679,0
4244,3316,0
4245,3680,0
4246,3681,0
4247,3682,0
4248,3281,0
4249,3683,0
4250,3684,0
4251,3685,0
4252,3686,0
4253,3687,0
4254,3688,0
4255,3689,0
4256,3690,0
4257,3485,0
4258,3691,0
4259,3692,0
4260,3693,0
4261,3694,0
4262,3695,0
4263,3696,0
4264,3697,0
4265,3698,0
4266,3699,0
4267,3700,0
4268,3701,0
4269,3702,0
4270,3703,0
4271,3704,0
4272,3705,0
4273,3706,0
4274,3707,0
4275,3708,0
4276,3709,0
4277,3710,0
4278,3711,0
4279,3712,0
4280,3713,0
4281,3714,0
4282,3715,0
4283,3716,0
4284,3717,0
4285,3718,0
4286,3719,0
4287,3720,0
4288,3721,0
4289,3694,0
4290,3722,0
4291,3723,0
4292,3724,0
4293,3540,0
4294,3725,0
4295,3726,0
4296,3727,0
4297,3728,0
4298,3729,0
4299,3289,0
4300,3730,0
4301,3731,0
4302,3732,0
4303,3733,0
4304,3734,0
4305,3735,0
4306,3736,0
4307,3737,0
4308,3738,0
4309,3739,0
4310,3740,0
4311,3741,0
4312,3742,0
4313,3743,0
4314,3744,0
4315,3745,0
4316,3268,0
4317,3746,0
4318,3747,0
4319,3748,0
4320,3749,0
4321,3750,0
4322,3751,0
4323,3752,0
4324,3753,0
4325,3754,0
4326,3755,0
4327,3756,0
4328,3757,0
4329,3758,0
4330,3759,0
4331,3760,0
4332,3761,0
4333,3762,0
4334,3763,0
4335,3764,0
4336,3265,0
4337,3765,0
4338,3766,0
4339,3767,0
4340,3768,0
4341,3769,0
4342,3770,0
4343,3771,0
4344,3772,0
4345,3773,0
4346,3352,0
4347,3774,0
4348,3775,0
4349,3776,0
4350,3297,0
4351,3777,0
4352,3778,0
4353,3581,0
4354,3779,0
4355,3780,0
4356,3781,0
4357,3782,0
4358,3783,0
4359,3481,0
4360,3784,0
4361,3785,0
4362,3360,0
4363,3603,0
4364,3786,0
4365,3787,0
4366,3633,0
4367,3788,0
4368,3789,0
4369,3790,0
4370,3791,0
4371,3792,0
4372,3457,0
4373,3793,0
4374,3794,0
4375,3795,0
4376,3796,0
4377,3797,0
4378,3798,0
4379,3799,0
4380,3800,0
4381,3801,0
4382,3802,0
4383,3431,0
4384,3803,0
4385,3804,0
4386,3805,0
4387,3806,0
4388,3476,0
4389,3807,0
4390,3808,0
4391,3502,0
4392,3809,0
4393,3810,0
4394,3381,0
4395,3811,0
4396,3812,0
4397,3813,0
4398,3814,0
4399,3815,0
4400,3816,0
4401,3817,0
4402,3818,0
4403,3819,0
4404,3820,0
4405,3821,0
4406,3822,0
4407,3823,0
4408,3824,0
4409,3825,0
4410,3826,0
4411,3827,0
4412,3828,0
4413,3829,0
4414,3830,0
4415,3831,0
4416,3803,0
4417,3832,0
4418,3833,0
4419,3834,0
4420,3835,0
4421,3836,0
4422,3457,0
4423,3837,0
4424,3838,0
4425,3839,0
4426,3280,0
4427,3771,0
4428,3840,0
4429,3841,0
4430,3842,0
4431,3843,0
4432,3734,0
4433,3844,0
4434,3845,0
4435,3846,0
4436,3847,0
4437,3848,0
4438,3518,0
4439,3849,0
4440,3850,0
4441,3851,0
4442,3852,0
4443,3853,0
4444,3854,0
4445,3855,0
4446,3856,0
4447,3857,0
4448,3858,0
4449,3859,0
4450,3860,0
4451,3861,0
4452,3862,0
4453,3863,0
4454,3864,0
4455,3865,0
4456,3866,0
4457,3867,0
4458,3868,0
4459,3869,0
4460,3870,0
4461,3871,0
4462,3872,0
4463,3873,0
4464,3874,0
4465,3875,0
4466,3876,0
4467,3877,0
4468,3878,0
4469,3879,0
4470,3880,0
4471,3881,0
4472,3882,0
4473,3883,0
4474,3884,0
4475,3885,0
4476,3886,0
4477,3887,0
4478,3888,0
4479,3889,0
4480,3890,0
4481,3891,0
4482,3892,0
4483,3893,0
4484,3894,0
4485,3895,0
4486,3896,0
4487,3897,0
4488,3898,0
4489,3899,0
4490,3900,0
4491,3901,0
4492,3902,0
4493,3903,0
4494,3904,0
4495,3905,0
4496,3906,0
4497,3907,0
4498,3908,0
4499,3909,0
4500,3910,0
4501,3911,0
4502,3912,0
4503,3913,0
4504,3914,0
4505,3915,0
4506,3916,0
4507,3917,0
4508,3918,0
4509,3919,0
4510,3920,0
4511,3921,0
4512,3922,0
4513,3923,0
4514,3924,0
4515,3925,0
4516,3926,0
4517,3927,0
4518,3928,0
4519,3929,0
4520,3930,0
4521,3931,0
4522,3932,0
4523,3933,0
4524,3934,0
4525,3935,0
4526,3936,0
4527,3937,0
4528,3938,0
4529,3939,0
4530,3940,0
4531,3860,0
4532,3941,0
4533,3942,0
4534,3943,0
4535,3944,0
4536,3945,0
4537,3946,0
4538,3947,0
4539,3948,0
4540,3949,0
4541,3950,0
4542,3951,0
4543,3952,0
4544,3953,0
4545,3954,0
4546,3955,0
4547,3956,0
4548,3957,0
4549,3958,0
4550,3959,0
4551,3960,0
4552,3961,0
4553,3962,0
4554,3963,0
4555,3964,0
4556,3965,0
4557,3966,0
4558,3967,0
4559,3968,0
4560,3969,0
4561,3948,0
4562,3970,0
4563,3971,0
4564,3972,0
4565,3973,0
4566,3974,0
4567,3975,0
4568,3976,0
4569,3977,0
4570,3978,0
4571,3979,0
4572,3980,0
4573,3981,0
4574,3982,0
4575,3983,0
4576,3984,0
4577,3985,0
4578,3986,0
4579,3987,0
4580,3988,0
4581,3863,0
4582,3989,0
4583,3990,0
4584,3991,0
4585,3992,0
4586,3993,0
4587,3994,0
4588,3995,0
4589,3996,0
4590,3997,0
4591,3998,0
4592,3999,0
4593,4000,0
4594,4001,0
4595,4002,0
4596,4003,0
4597,4004,0
4598,4005,0
4599,4006,0
4600,4007,0
4601,4008,0
4602,4009,0
4603,4010,0
4604,4011,0
4605,4012,0
4606,4013,0
4607,4014,0
4608,4015,0
4609,4016,0
4610,4017,0
4611,4018,0
4612,4019,0
4613,4020,0
4614,4021,0
4615,4022,0
4616,4023,0
4617,4024,0
4618,4025,0
4619,4026,0
4620,4027,0
4621,4028,0
4622,4029,0
4623,4030,0
4624,4031,0
4625,4032,0
4626,4033,0
4627,4034,0
4628,4035,0
4629,4036,0
4630,4037,0
4631,4038,0
4632,4001,0
4633,4039,0
4634,4040,0
4635,4041,0
4636,4042,0
4637,4043,0
4638,4044,0
4639,4045,0
4640,4046,0
4641,4047,0
4642,4048,0
4643,4049,0
4644,4050,0
4645,4051,0
4646,4052,0
4647,4053,0
4648,4054,0
4649,4055,0
4650,4056,0
4651,4057,0
4652,4058,0
4653,4059,0
4654,4060,0
4655,4061,0
4656,4062,0
4657,4063,0
4658,4064,0
4659,4065,0
4660,4066,0
4661,4067,0
4662,4068,0
4663,4069,0
4664,4070,0
4665,4071,0
4666,4072,0
4667,4073,0
4668,4074,0
4669,4075,0
4670,4076,0
4671,4077,0
4672,4078,0
4673,4079,0
4674,4080,0
4675,4081,0
4676,4082,0
4677,4083,0
4678,4084,0
4679,4085,0
4680,4086,0
4681,4087,0
4682,4088,0
4683,4089,0
4684,4090,0
4685,4091,0
4686,4092,0
4687,4093,0
4688,4094,0
4689,4095,0
4690,4096,0
4691,4097,0
4692,4098,0
4693,4099,0
4694,4100,0
4695,4101,0
4696,4102,0
4697,4103,0
4698,4104,0
4699,4105,0
4700,4106,0
4701,4107,0
4702,4108,0
4703,4109,0
4704,4110,0
4705,4111,0
4706,4112,0
4707,4113,0
4708,4114,0
4709,4115,0
4710,4116,0
4711,4117,0
4712,4118,0
4713,4119,0
4714,4120,0
4715,4121,0
4716,4122,0
4717,4123,0
4718,4124,0
4719,4125,0
4720,4126,0
4721,4127,0
4722,4128,0
4723,4129,0
4724,4130,0
4725,4131,0
4726,4132,0
4727,4133,0
4728,4134,0
4729,4135,0
4730,4136,0
4731,4137,0
4732,4138,0
4733,4139,0
4734,4140,0
4735,4141,0
4736,4142,0
4737,4143,0
4738,4144,0
4739,4145,0
4740,4146,0
4741,4147,0
4742,4148,0
4743,4149,0
4744,4150,0
4745,4151,0
4746,4152,0
4747,4153,0
4748,4154,0
4749,4155,0
4750,4156,0
4751,4157,0
4752,4158,0
4753,4159,0
4754,4160,0
4755,4161,0
4756,4162,0
4757,4163,0
4758,4164,0
4759,4165,0
4760,4166,0
4761,4167,0
4762,4168,0
4763,4169,0
4764,4170,0
4765,4171,0
4766,4172,0
4767,4173,0
4768,4174,0
4769,4175,0
4770,4176,0
4771,4177,0
4772,4178,0
4773,4179,0
4774,4180,0
4775,4181,0
4776,4182,0
4777,4183,0
4778,4184,0
4779,4185,0
4780,4186,0
4781,4187,0
4782,4188,0
4783,4189,0
4784,4190,0
4785,4191,0
4786,4192,0
4787,4193,0
4788,4194,0
4789,4195,0
4790,4196,0
4791,4197,0
4792,4198,0
4793,4199,0
4794,4200,0
4795,4201,0
4796,4202,0
4797,4203,0
4798,4204,0
4799,4205,0
4800,4206,0
4801,4207,0
4802,4208,0
4803,4209,0
4804,4210,0
4805,4211,0
4806,4212,0
4807,4141,0
4808,4213,0
4809,4214,0
4810,4215,0
4811,4216,0
4812,4217,0
4813,4218,0
4814,4219,0
4815,4220,0
4816,4221,0
4817,4222,0
4818,4223,0
4819,4224,0
4820,4225,0
4821,4226,0
4822,4227,0
4823,4228,0
4824,4229,0
4825,4230,0
4826,4231,0
4827,4232,0
4828,4233,0
4829,4234,0
4830,4235,0
4831,4236,0
4832,4237,0
4833,4238,0
4834,4239,0
4835,4240,0
4836,4241,0
4837,4242,0
4838,4243,0
4839,4244,0
4840,4245,0
4841,4246,0
4842,4247,0
4843,4248,0
4844,4249,0
4845,4250,0
4846,4251,0
4847,4252,0
4848,4253,0
4849,4254,0
4850,4255,0
4851,4256,0
4852,4257,0
4853,4258,0
4854,4259,0
4855,4260,0
4856,4261,0
4857,4262,0
4858,4263,0
4859,4264,0
4860,4265,0
4861,4266,0
4862,4267,0
4863,4268,0
4864,4269,0
4865,4270,0
4866,4271,0
4867,4246,0
4868,4272,0
4869,4273,0
4870,4274,0
4871,4275,0
4872,4276,0
4873,4277,0
4874,4278,0
4875,4277,0
4876,4279,0
4877,4280,0
4878,4281,0
4879,4282,0
4880,4283,0
4881,4284,0
4882,4285,0
4883,4286,0
4884,4287,0
4885,4288,0
4886,4287,0
4887,4289,0
4888,4290,0
4889,4291,0
4890,4292,0
4891,4293,0
4892,4294,0
4893,4295,0
4894,4296,0
4895,4297,0
4896,4298,0
4897,4299,0
4898,4300,0
4899,4301,0
4900,4302,0
4901,4303,0
4902,4304,0
4903,4305,0
4904,4306,0
4905,4307,0
4906,4308,0
4907,4309,0
4908,4310,0
4909,4311,0
4910,4312,0
4911,4267,0
4912,4313,0
4913,4314,0
4914,4315,0
4915,4316,0
4916,4280,0
4917,4317,0
4918,4257,0
4919,4318,0
4920,4319,0
4921,4320,0
4922,4321,0
4923,4322,0
4924,4323,0
4925,4276,0
4926,4324,0
4927,4325,0
4928,4326,0
4929,4327,0
4930,4328,0
4931,4329,0
4932,4330,0
4933,4331,0
4934,4332,0
4935,4333,0
4936,4334,0
4937,4335,0
4938,4336,0
4939,4337,0
4940,4338,0
4941,4339,0
4942,4340,0
4943,4341,0
4944,4289,0
4945,4342,0
4946,4343,0
4947,4344,0
4948,4345,0
4949,4346,0
4950,4347,0
4951,4348,0
4952,4280,0
4953,4349,0
4954,4350,0
4955,4351,0
4956,4352,0
4957,4353,0
4958,4354,0
4959,4355,0
4960,4356,0
4961,4357,0
4962,4358,0
4963,4359,0
4964,4360,0
4965,4361,0
4966,4362,0
4967,4363,0
4968,4364,0
4969,4262,0
4970,4365,0
4971,4248,0
4972,4366,0
4973,4367,0
4974,4368,0
4975,4276,0
4976,4369,0
4977,4370,0
4978,4371,0
4979,4372,0
4980,4373,0
4981,4374,0
4982,4375,0
4983,4228,0
4984,4376,0
4985,4377,0
4986,4378,0
4987,4379,0
4988,4380,0
4989,4338,0
4990,4381,0
4991,4382,0
4992,4383,0
4993,4384,0
4994,4262,0
4995,4385,0
4996,4386,0
4997,4248,0
4998,4387,0
4999,4388,0
5000,4389,0
5001,4390,0
5002,4391,0
5003,4392,0
5004,4393,0
5005,4394,0
5006,4395,0
5007,4396,0
5008,4324,0
5009,4397,0
5010,4398,0
5011,4399,0
5012,4400,0
5013,4401,0
5014,4316,0
5015,4402,0
5016,4403,0
5017,4404,0
5018,4405,0
5019,4406,0
5020,4407,0
5021,4364,0
5022,4408,0
5023,4409,0
5024,4410,0
5025,4411,0
5026,4412,0
5027,4413,0
5028,4414,0
5029,4415,0
5030,4416,0
5031,4417,0
5032,4241,0
5033,4418,0
5034,4419,0
5035,4285,0
5036,4420,0
5037,4421,0
5038,4338,0
5039,4422,0
5040,4423,0
5041,4312,0
5042,4424,0
5043,4425,0
5044,4426,0
5045,4427,0
5046,4283,0
5047,4428,0
5048,4429,0
5049,4430,0
5050,4431,0
5051,4432,0
5052,4433,0
5053,4434,0
5054,4435,0
5055,4436,0
5056,4437,0
5057,4438,0
5058,4439,0
5059,4440,0
5060,4441,0
5061,4442,0
5062,4443,0
5063,4444,0
5064,4445,0
5065,4446,0
5066,4447,0
5067,4435,0
5068,4448,0
5069,4237,0
5070,4291,0
5071,4449,0
5072,4247,0
5073,4450,0
5074,4340,0
5075,4451,0
5076,4239,0
5077,4452,0
5078,4453,0
5079,4454,0
5080,4455,0
5081,4456,0
5082,4457,0
5083,4458,0
5084,4459,0
5085,4356,0
5086,4460,0
5087,4461,0
5088,4462,0
5089,4463,0
5090,4464,0
5091,4355,0
5092,4465,0
5093,4466,0
5094,4467,0
5095,4388,0
5096,4468,0
5097,4469,0
5098,4330,0
5099,4317,0
5100,4470,0
5101,4471,0
5102,4472,0
5103,4473,0
5104,4474,0
5105,4475,0
5106,4476,0
5107,4477,0
5108,4478,0
5109,4479,0
5110,4480,0
5111,4481,0
5112,4450,0
5113,4482,0
5114,4483,0
5115,4484,0
5116,4458,0
5117,4352,0
5118,4485,0
5119,4486,0
5120,4487,0
5121,4488,0
5122,4489,0
5123,4490,0
5124,4491,0
5125,4492,0
5126,4493,0
5127,4415,0
5128,4494,0
5129,4495,0
5130,4496,0
5131,4497,0
5132,4498,0
5133,4499,0
5134,4500,0
5135,4501,0
5136,4502,0
5137,4503,0
5138,4253,0
5139,4254,0
5140,4314,0
5141,4504,0
5142,4505,0
5143,4506,0
5144,4507,0
5145,4508,0
5146,4272,0
5147,4509,0
5148,4510,0
5149,4511,0
5150,4310,0
5151,4512,0
5152,4513,0
5153,4398,0
5154,4514,0
5155,4475,0
5156,4479,0
5157,4515,0
5158,4516,0
5159,4517,0
5160,4518,0
5161,4519,0
5162,4520,0
5163,4427,0
5164,4521,0
5165,4324,0
5166,4522,0
5167,4523,0
5168,4524,0
5169,4525,0
5170,4526,0
5171,4527,0
5172,4528,0
5173,4529,0
5174,4530,0
5175,4531,0
5176,4532,0
5177,4327,0
5178,4533,0
5179,4534,0
5180,4440,0
5181,4535,0
5182,4536,0
5183,4421,0
5184,4537,0
5185,4538,0
5186,4539,0
5187,4540,0
5188,4541,0
5189,4542,0
5190,4484,0
5191,4543,0
5192,4508,0
5193,4544,0
5194,4545,0
5195,4546,0
5196,4485,0
5197,4547,0
5198,4548,0
5199,4540,0
5200,4549,0
5201,4550,0
5202,4551,0
5203,4552,0
5204,4553,0
5205,4554,0
5206,4555,0
5207,4556,0
5208,4557,0
5209,4558,0
5210,4402,0
5211,4224,0
5212,4559,0
5213,4560,0
5214,4561,0
5215,4389,0
5216,4562,0
5217,4492,0
5218,4563,0
5219,4564,0
5220,4565,0
5221,4566,0
5222,4567,0
5223,4345,0
5224,4359,0
5225,4409,0
5226,4568,0
5227,4569,0
5228,4550,0
5229,4570,0
5230,4407,0
5231,4439,0
5232,4571,0
5233,4572,0
5234,4573,0
5235,4574,0
5236,4575,0
5237,4576,0
5238,4577,0
5239,4578,0
5240,4579,0
5241,4580,0
5242,4581,0
5243,4582,0
5244,4583,0
5245,4584,0
5246,4585,0
5247,4586,0
5248,4587,0
5249,4588,0
5250,4589,0
5251,4590,0
5252,4591,0
5253,4592,0
5254,4593,0
5255,4594,0
5256,4595,0
5257,4596,0
5258,4597,0
5259,4598,0
5260,4599,0
5261,4600,0
5262,4601,0
5263,4602,0
5264,4603,0
5265,4604,0
5266,4584,0
5267,4605,0
5268,4606,0
5269,4607,0
5270,4608,0
5271,4609,0
5272,4610,0
5273,4611,0
5274,4612,0
5275,4613,0
5276,4614,0
5277,4615,0
5278,4616,0
5279,4617,0
5280,4618,0
5281,4619,0
5282,4620,0
5283,4621,0
5284,4622,0
5285,4623,0
5286,4624,0
5287,4625,0
5288,4626,0
5289,4627,0
5290,4628,0
5291,4629,0
5292,4630,0
5293,4631,0
5294,4632,0
5295,4633,0
5296,4634,0
5297,4635,0
5298,4636,0
5299,4637,0
5300,4638,0
5301,4639,0
5302,4640,0
5303,4641,0
5304,4642,0
5305,4643,0
5306,4644,0
5307,4645,0
5308,4646,0
5309,4647,0
5310,4648,0
5311,4649,0
5312,4650,0
5313,4651,0
5314,4652,0
5315,4653,0
5316,4654,0
5317,4655,0
5318,4656,0
5319,4657,0
5320,4658,0
5321,4659,0
5322,4660,0
5323,4661,0
5324,4662,0
5325,4663,0
5326,4664,0
5327,4665,0
5328,4666,0
5329,4667,0
5330,4668,0
5331,4669,0
5332,4670,0
5333,4671,0
5334,4672,0
5335,4673,0
5336,4674,0
5337,4675,0
5338,4676,0
5339,4677,0
5340,4678,0
5341,4679,0
5342,4680,0
5343,4681,0
5344,4682,0
5345,4683,0
5346,4684,0
5347,4685,0
5348,4686,0
5349,4687,0
5350,4688,0
5351,4689,0
5352,4690,0
5353,4691,0
5354,4692,0
5355,4693,0
5356,4694,0
5357,4695,0
5358,4696,0
5359,4697,0
5360,4698,0
5361,4699,0
5362,4700,0
5363,4701,0
5364,4702,0
5365,4703,0
5366,4704,0
5367,4705,0
5368,4706,0
5369,4707,0
5370,4708,0
5371,4709,0
5372,4710,0
5373,4711,0
5374,4712,0
5375,4713,0
5376,4714,0
5377,4715,0
5378,4716,0
5379,4717,0
5380,4718,0
5381,4719,0
5382,4720,0
5383,4721,0
5384,4722,0
5385,4723,0
5386,4724,0
5387,4725,0
5388,4726,0
5389,4727,0
5390,4728,0
5391,4729,0
5392,4730,0
5393,4731,0
5394,4732,0
5395,4733,0
5396,4734,0
5397,4735,0
5398,4736,0
5399,4737,0
5400,4738,0
5401,4739,0
5402,4740,0
5403,4741,0
5404,4742,0
5405,4743,0
5406,4744,0
5407,4745,0
5408,4746,0
5409,4747,0
5410,4748,0
5411,4749,0
5412,4750,0
5413,4751,0
5414,4752,0
5415,4753,0
5416,4754,0
5417,4755,0
5418,4756,0
5419,4757,0
5420,4758,0
5421,4759,0
5422,4760,0
5423,4761,0
5424,4762,0
5425,4763,0
5426,4764,0
5427,4765,0
5428,4766,0
5429,4767,0
5430,4768,0
5431,4769,0
5432,4770,0
5433,4771,0
5434,4772,0
5435,4773,0
5436,4774,0
5437,4775,0
5438,4776,0
5439,4777,0
5440,4778,0
5441,4779,0
5442,4780,0
5443,4781,0
5444,4782,0
5445,4783,0
5446,4784,0
5447,4785,0
5448,4786,0
5449,4787,0
5450,4788,0
5451,4789,0
5452,4790,0
5453,4791,0
5454,4792,0
5455,4793,0
5456,4794,0
5457,4795,0
5458,4796,0
5459,4797,0
5460,4798,0
5461,4799,0
5462,4800,0
5463,4801,0
5464,4802,0
5465,4803,0
5466,4804,0
5467,4805,0
5468,4806,0
5469,4807,0
5470,4808,0
5471,4809,0
5472,4810,0
5473,4811,0
5474,4812,0
5475,4813,0
5476,4814,0
5477,4815,0
5478,4816,0
5479,4817,0
5480,4818,0
5481,4819,0
5482,4820,0
5483,4821,0
5484,4822,0
5485,4823,0
5486,4824,0
5487,4825,0
5488,4826,0
5489,4827,0
5490,4828,0
5491,4829,0
5492,4830,0
5493,4831,0
5494,4832,0
5495,4833,0
5496,4834,0
5497,4835,0
5498,4836,0
5499,4837,0
5500,4838,0
5501,4839,0
5502,4840,0
5503,4841,0
5504,4842,0
5505,4843,0
5506,4844,0
5507,4845,0
5508,4846,0
5509,4847,0
5510,4848,0
5511,4849,0
5512,4850,0
5513,4851,0
5514,4852,0
5515,4853,0
5516,4854,0
5517,4855,0
5518,4856,0
5519,4857,0
5520,4858,0
5521,4859,0
5522,4860,0
5523,4861,0
5524,4862,0
5525,4863,0
5526,4864,0
5527,4865,0
5528,4866,0
5529,4867,0
5530,4868,0
5531,4869,0
5532,4870,0
5533,4871,0
5534,4872,0
5535,4873,0
5536,4874,0
5537,4875,0
5538,4876,0
5539,4877,0
5540,4878,0
5541,4879,0
5542,4880,0
5543,4881,0
5544,4882,0
5545,4883,0
5546,4884,0
5547,4885,0
5548,4886,0
5549,4887,0
5550,4888,0
5551,4889,0
5552,4890,0
5553,4891,0
5554,4892,0
5555,4893,0
5556,4894,0
5557,4895,0
5558,4896,0
5559,4897,0
5560,4898,0
5561,4899,0
5562,4900,0
5563,4901,0
5564,4902,0
5565,4903,0
5566,4904,0
5567,4905,0
5568,4906,0
5569,4907,0
5570,4908,0
5571,4909,0
5572,4910,0
5573,4911,0
5574,4912,0
5575,4913,0
5576,4914,0
5577,4915,0
5578,4916,0
5579,4917,0
5580,4918,0
5581,4919,0
5582,4920,0
5583,4908,0
5584,4921,0
5585,4922,0
5586,4923,0
5587,4924,0
5588,4925,0
5589,4926,0
5590,4927,0
5591,4928,0
5592,4929,0
5593,4930,0
5594,4931,0
5595,4932,0
5596,4933,0
5597,4934,0
5598,4935,0
5599,4936,0
5600,4937,0
5601,4938,0
5602,4939,0
5603,4940,0
5604,4941,0
5605,4942,0
5606,4943,0
5607,4944,0
5608,4945,0
5609,4946,0
5610,4947,0
5611,4948,0
5612,4949,0
5613,4950,0
5614,4951,0
5615,4952,0
5616,4953,0
5617,4954,0
5618,4955,0
5619,4956,0
5620,4957,0
5621,4958,0
5622,4959,0
5623,4960,0
5624,4961,0
5625,4962,0
5626,4963,0
5627,4964,0
5628,4965,0
5629,4966,0
5630,4967,0
5631,4968,0
5632,4969,0
5633,4970,0
5634,4971,0
5635,4972,0
5636,4973,0
5637,4974,0
5638,4975,0
5639,4976,0
5640,4977,0
5641,4978,0
5642,4979,0
5643,4980,0
5644,4981,0
5645,4982,0
5646,4983,0
5647,4984,0
5648,4985,0
5649,4986,0
5650,4987,0
5651,4988,0
5652,4989,0
5653,4990,0
5654,4991,0
5655,4992,0
5656,4993,0
5657,4994,0
5658,4995,0
5659,4996,0
5660,4997,0
5661,4998,0
5662,4999,0
5663,5000,0
5664,5001,0
5665,5002,0
5666,5003,0
5667,5004,0
5668,5005,0
5669,5006,0
5670,5007,0
5671,5008,0
5672,5009,0
5673,5010,0
5674,5011,0
5675,5012,0
5676,5013,0
5677,5014,0
5678,5015,0
5679,5016,0
5680,5017,0
5681,5018,0
5682,5019,0
5683,5020,0
5684,5021,0
5685,5022,0
5686,5023,0
5687,5024,0
5688,5025,0
5689,5026,0
5690,5027,0
5691,5028,0
5692,5029,0
5693,5030,0
5694,5031,0
5695,5032,0
5696,5033,0
5697,5034,0
5698,5035,0
5699,5036,0
5700,5037,0
5701,5038,0
5702,5039,0
5703,5040,0
5704,5040,0
5705,5040,0
5706,5041,0
5707,5041,0
5708,5042,0
5709,5042,0
5710,5042,0
5711,5042,0
5712,5042,0
5713,5043,0
5714,5044,0
5715,5044,0
5716,5044,0
5717,5044,0
5718,5044,0
5719,5044,0
5720,5044,0
5721,5045,0
5722,5045,0
5723,5045,0
5724,5045,0
5725,5046,0
5726,5046,0
5727,5046,0
5728,5046,0
5729,5046,0
5730,5046,0
5731,5046,0
5732,5046,0
5733,5046,0
5734,5046,0
5735,5046,0
5736,5047,0
5737,5047,0
5738,5047,0
5739,5047,0
5740,5047,0
5741,5047,0
5742,5047,0
5743,5047,0
5744,5047,0
5745,5047,0
5746,5047,0
5747,5048,0
5748,5048,0
5749,5048,0
5750,5049,0
5751,5049,0
5752,5050,0
5753,5051,0
5754,5051,0
5755,5051,0
5756,5051,0
5757,5052,0
5758,5053,0
5759,5053,0
5760,5053,0
5761,5053,0
5762,5053,0
5763,5054,0
5764,5054,0
5765,5054,0
5766,5054,0
5767,5054,0
5768,5055,0
5769,5056,0
5770,5056,0
5771,5056,0
5772,5056,0
5773,5056,0
5774,5057,0
5775,5057,0
5776,5058,0
5777,5058,0
5778,5058,0
5779,5058,0
5780,5059,0
5781,5059,0
5782,5059,0
5783,5059,0
5784,5059,0
5785,5059,0
5786,5059,0
5787,5059,0
5788,5059,0
5789,5059,0
5790,5060,0
5791,5060,0
5792,5060,0
5793,5060,0
5794,5060,0
5795,5061,0
5796,5061,0
5797,5061,0
5798,5061,0
5799,5061,0
5800,5061,0
5801,5062,0
5802,5062,0
5803,5062,0
5804,5062,0
5805,5062,0
5806,5062,0
5807,5062,0
5808,5062,0
5809,5062,0
5810,5062,0
5811,5062,0
5812,5063,0
5813,5063,0
5814,5063,0
5815,5063,0
5816,5063,0
5817,5063,0
5818,5063,0
5819,5063,0
5820,5063,0
5821,5063,0
5822,5063,0
5823,5064,0
5824,5064,0
5825,5064,0
5826,5064,0
5827,5064,0
5828,5064,0
5829,5064,0
5830,5064,0
5831,5064,0
5832,5064,0
5833,5064,0
5834,5065,0
5835,5065,0
5836,5065,0
5837,5065,0
5838,5065,0
5839,5065,0
5840,5065,0
5841,5065,0
5842,5065,0
5843,5065,0
5844,5065,0
5845,5066,0
5846,5066,0
5847,5066,0
5848,5066,0
5849,5066,0
5850,5066,0
5851,5066,0
5852,5066,0
5853,5067,0
5854,5067,0
5855,5068,0
5856,5069,0
5857,5069,0
5858,5069,0
5859,5069,0
5860,5069,0
5861,5069,0
5862,5069,0
5863,5069,0
5864,5069,0
5865,5069,0
5866,5069,0
5867,5069,0
5868,5070,0
5869,5070,0
5870,5070,0
5871,5070,0
5872,5070,0
5873,5071,0
5874,5071,0
5875,5071,0
5876,5071,0
5877,5071,0
5878,5071,0
5879,5072,0
5880,5073,0
5881,5074,0
5882,5074,0
5883,5074,0
5884,5075,0
5885,5075,0
5886,5075,0
5887,5075,0
5888,5075,0
5889,5076,0
5890,5076,0
5891,5076,0
5892,5076,0
5893,5076,0
5894,5076,0
5895,5076,0
5896,5076,0
5897,5076,0
5898,5076,0
5899,5077,0
5900,5078,0
5901,5078,0
5902,5078,0
5903,5078,0
5904,5078,0
5905,5078,0
5906,5078,0
5907,5078,0
5908,5078,0
5909,5078,0
5910,5078,0
5911,5079,0
5912,5079,0
5913,5079,0
5914,5079,0
5915,5079,0
5916,5079,0
5917,5079,0
5918,5079,0
5919,5079,0
5920,5079,0
5921,5079,0
5922,5080,0
5923,5080,0
5924,5080,0
5925,5080,0
5926,5080,0
5927,5080,0
5928,5080,0
5929,5080,0
5930,5080,0
5931,5080,0
5932,5080,0
5933,5081,0
5934,5081,0
5935,5081,0
5936,5081,0
5937,5081,0
5938,5081,0
5939,5081,0
5940,5081,0
5941,5081,0
5942,5081,0
5943,5081,0
5944,5082,0
5945,5082,0
5946,5082,0
5947,5082,0
5948,5082,0
5949,5082,0
5950,5082,0
5951,5082,0
5952,5082,0
5953,5082,0
5954,5082,0
5955,5083,0
5956,5084,0
5957,5084,0
5958,5084,0
5959,5084,0
5960,5085,0
5961,5085,0
5962,5085,0
5963,5085,0
5964,5085,0
5965,5086,0
5966,5086,0
5967,5086,0
5968,5086,0
5969,5086,0
5970,5087,0
5971,5087,0
5972,5087,0
5973,5087,0
5974,5087,0
5975,5087,0
5976,5088,0
5977,5089,0
5978,5089,0
5979,5090,0
5980,5090,0
5981,5090,0
5982,5091,0
5983,5091,0
5984,5091,0
5985,5091,0
5986,5091,0
5987,5092,0
5988,5093,0
5989,5093,0
5990,5093,0
5991,5093,0
5992,5093,0
5993,5093,0
5994,5093,0
5995,5093,0
5996,5093,0
5997,5093,0
5998,5094,0
5999,5094,0
6000,5094,0
6001,5094,0
6002,5094,0
6003,5095,0
6004,5095,0
6005,5095,0
6006,5095,0
6007,5095,0
6008,5096,0
6009,5097,0
6010,5097,0
6011,5097,0
6012,5097,0
6013,5097,0
6014,5097,0
6015,5097,0
6016,5097,0
6017,5097,0
6018,5097,0
6019,5098,0
6020,5098,0
6021,5099,0
6022,5099,0
6023,5099,0
6024,5099,0
6025,5099,0
6026,5099,0
6027,5099,0
6028,5100,0
6029,5100,0
6030,5100,0
6031,5101,0
6032,5101,0
6033,5101,0
6034,5101,0
6035,5101,0
6036,5101,0
6037,5101,0
6038,5101,0
6039,5101,0
6040,5101,0
6041,5101,0
6042,5102,0
6043,5102,0
6044,5102,0
6045,5102,0
6046,5102,0
6047,5102,0
6048,5102,0
6049,5102,0
6050,5102,0
6051,5103,0
6052,5104,0
6053,5104,0
6054,5105,0
6055,5105,0
6056,5105,0
6057,5105,0
6058,5105,0
6059,5105,0
6060,5105,0
6061,5105,0
6062,5105,0
6063,5105,0
6064,5105,0
6065,5106,0
6066,5106,0
6067,5106,0
6068,5106,0
6069,5106,0
6070,5107,0
6071,5107,0
6072,5107,0
6073,5107,0
6074,5108,0
6075,5109,0
6076,5109,0
6077,5110,0
6078,5110,0
6079,5110,0
6080,5111,0
6081,5111,0
6082,5111,0
6083,5111,0
6084,5111,0
6085,5112,0
6086,5113,0
6087,5114,0
6088,5115,0
6089,5115,0
6090,5115,0
6091,5115,0
6092,5115,0
6093,5115,0
6094,5115,0
6095,5115,0
6096,5116,0
6097,5116,0
6098,5116,0
6099,5116,0
6100,5116,0
6101,5116,0
6102,5116,0
6103,5116,0
6104,5116,0
6105,5116,0
6106,5117,0
6107,5117,0
6108,5117,0
6109,5117,0
6110,5117,0
6111,5117,0
6112,5117,0
6113,5117,0
6114,5117,0
6115,5117,0
6116,5118,0
6117,5119,0
6118,5119,0
6119,5119,0
6120,5119,0
6121,5119,0
6122,5119,0
6123,5119,0
6124,5119,0
6125,5119,0
6126,5119,0
6127,5119,0
6128,5119,0
6129,5119,0
6130,5119,0
6131,5119,0
6132,5120,0
6133,5120,0
6134,5121,0
6135,5121,0
6136,5121,0
6137,5121,0
6138,5121,0
6139,5121,0
6140,5121,0
6141,5121,0
6142,5121,0
6143,5121,0
6144,5122,0
6145,5122,0
6146,5122,0
6147,5122,0
6148,5122,0
6149,5122,0
6150,5122,0
6151,5122,0
6152,5122,0
6153,5122,0
6154,5122,0
6155,5122,0
6156,5122,0
6157,5123,0
6158,5123,0
6159,5123,0
6160,5123,0
6161,5123,0
6162,5123,0
6163,5123,0
6164,5123,0
6165,5123,0
6166,5123,0
6167,5123,0
6168,5124,0
6169,5124,0
6170,5124,0
6171,5124,0
6172,5124,0
6173,5124,0
6174,5125,0
6175,5125,0
6176,5125,0
6177,5125,0
6178,5125,0
6179,5126,0
6180,5127,0
6181,5127,0
6182,5127,0
6183,5127,0
6184,5127,0
6185,5127,0
6186,5127,0
6187,5127,0
6188,5127,0
6189,5127,0
6190,5128,0
6191,5128,0
6192,5128,0
6193,5128,0
6194,5129,0
6195,5130,0
6196,5130,0
6197,5130,0
6198,5130,0
6199,5130,0
6200,5131,0
6201,5132,0
6202,5133,0
6203,5133,0
6204,5134,0
6205,5134,0
6206,5134,0
6207,5135,0
6208,5135,0
6209,5135,0
6210,5135,0
6211,5135,0
6212,5135,0
6213,5136,0
6214,5136,0
6215,5136,0
6216,5136,0
6217,5136,0
6218,5136,0
6219,5136,0
6220,5136,0
6221,5136,0
6222,5136,0
6223,5136,0
6224,5136,0
6225,5137,0
6226,5137,0
6227,5137,0
6228,5137,0
6229,5137,0
6230,5137,0
6231,5137,0
6232,5137,0
6233,5137,0
6234,5137,0
6235,5137,0
6236,5138,0
6237,5138,0
6238,5138,0
6239,5138,0
6240,5138,0
6241,5139,0
6242,5139,0
6243,5139,0
6244,5139,0
6245,5139,0
6246,5139,0
6247,5140,0
6248,5140,0
6249,5140,0
6250,5140,0
6251,5140,0
6252,5140,0
6253,5140,0
6254,5140,0
6255,5140,0
6256,5140,0
6257,5140,0
6258,5140,0
6259,5141,0
6260,5142,0
6261,5142,0
6262,5142,0
6263,5142,0
6264,5142,0
6265,5142,0
6266,5142,0
6267,5142,0
6268,5142,0
6269,5142,0
6270,5142,0
6271,5143,0
6272,5143,0
6273,5143,0
6274,5143,0
6275,5143,0
6276,5144,0
6277,5144,0
6278,5145,0
6279,5145,0
6280,5145,0
6281,5146,0
6282,5147,0
6283,5147,0
6284,5148,0
6285,5148,0
6286,5148,0
6287,5149,0
6288,5150,0
6289,5150,0
6290,5150,0
6291,5150,0
6292,5150,0
6293,5150,0
6294,5150,0
6295,5150,0
6296,5150,0
6297,5150,0
6298,5151,0
6299,5151,0
6300,5151,0
6301,5151,0
6302,5151,0
6303,5152,0
6304,5152,0
6305,5152,0
6306,5152,0
6307,5152,0
6308,5153,0
6309,5154,0
6310,5154,0
6311,5154,0
6312,5154,0
6313,5154,0
6314,5154,0
6315,5154,0
6316,5154,0
6317,5154,0
6318,5154,0
6319,5154,0
6320,5154,0
6321,5155,0
6322,5155,0
6323,5155,0
6324,5155,0
6325,5155,0
6326,5156,0
6327,5156,0
6328,5156,0
6329,5156,0
6330,5156,0
6331,5156,0
6332,5157,0
6333,5157,0
6334,5157,0
6335,5158,0
6336,5158,0
6337,5159,0
6338,5159,0
6339,5159,0
6340,5159,0
6341,5159,0
6342,5160,0
6343,5161,0
6344,5162,0
6345,5163,0
6346,5163,0
6347,5163,0
6348,5164,0
6349,5164,0
6350,5164,0
6351,5164,0
6352,5164,0
6353,5164,0
6354,5165,0
6355,5166,0
6356,5166,0
6357,5166,0
6358,5166,0
6359,5166,0
6360,5167,0
6361,5167,0
6362,5167,0
6363,5167,0
6364,5167,0
6365,5167,0
6366,5168,0
6367,5168,0
6368,5169,0
6369,5169,0
6370,5169,0
6371,5170,0
6372,5170,0
6373,5170,0
6374,5170,0
6375,5170,0
6376,5171,0
6377,5171,0
6378,5172,0
6379,5172,0
6380,5173,0
6381,5174,0
6382,5175,0
6383,5176,0
6384,5176,0
6385,5177,0
6386,5177,0
6387,5178,0
6388,5178,0
6389,5178,0
6390,5178,0
6391,5178,0
6392,5178,0
6393,5178,0
6394,5178,0
6395,5178,0
6396,5178,0
6397,5178,0
6398,5179,0
6399,5179,0
6400,5179,0
6401,5179,0
6402,5179,0
6403,5180,0
6404,5180,0
6405,5180,0
6406,5180,0
6407,5180,0
6408,5180,0
6409,5180,0
6410,5180,0
6411,5180,0
6412,5180,0
6413,5181,0
6414,5182,0
6415,5182,0
6416,5182,0
6417,5182,0
6418,5182,0
6419,5182,0
6420,5182,0
6421,5183,0
6422,5184,0
6423,5185,0
6424,5185,0
6425,5185,0
6426,5185,0
6427,5185,0
6428,5185,0
6429,5186,0
6430,5186,0
6431,5186,0
6432,5187,0
6433,5187,0
6434,5187,0
6435,5187,0
6436,5187,0
6437,5188,0
6438,5188,0
6439,5189,0
6440,5189,0
6441,5189,0
6442,5189,0
6443,5189,0
6444,5189,0
6445,5189,0
6446,5190,0
6447,5190,0
6448,5190,0
6449,5191,0
6450,5191,0
6451,5191,0
6452,5191,0
6453,5191,0
6454,5192,0
6455,5192,0
6456,5192,0
6457,5192,0
6458,5192,0
6459,5193,0
6460,5193,0
6461,5193,0
6462,5193,0
6463,5193,0
6464,5193,0
6465,5193,0
6466,5193,0
6467,5193,0
6468,5193,0
6469,5193,0
6470,5193,0
6471,5194,0
6472,5195,0
6473,5195,0
6474,5195,0
6475,5195,0
6476,5195,0
6477,5196,0
6478,5196,0
6479,5196,0
6480,5196,0
6481,5196,0
6482,5196,0
6483,5196,0
6484,5197,0
6485,5197,0
6486,5197,0
6487,5197,0
6488,5197,0
6489,5197,0
6490,5197,0
6491,5197,0
6492,5197,0
6493,5197,0
6494,5197,0
6495,5197,0
6496,5197,0
6497,5197,0
6498,5197,0
6499,5198,0
6500,5198,0
6501,5198,0
6502,5198,0
6503,5198,0
6504,5199,0
6505,5199,0
6506,5199,0
6507,5199,0
6508,5199,0
6509,5199,0
6510,5200,0
6511,5201,0
6512,5201,0
6513,5201,0
6514,5201,0
6515,5201,0
6516,5201,0
6517,5201,0
6518,5201,0
6519,5201,0
6520,5201,0
6521,5202,0
6522,5203,0
6523,5203,0
6524,5203,0
6525,5203,0
6526,5203,0
6527,5203,0
6528,5203,0
6529,5203,0
6530,5203,0
6531,5203,0
6532,5203,0
6533,5204,0
6534,5204,0
6535,5204,0
6536,5204,0
6537,5204,0
6538,5204,0
6539,5204,0
6540,5204,0
6541,5204,0
6542,5204,0
6543,5204,0
6544,5205,0
6545,5205,0
6546,5205,0
6547,5205,0
6548,5205,0
6549,5206,0
6550,5206,0
6551,5206,0
6552,5206,0
6553,5206,0
6554,5206,0
6555,5207,0
6556,5207,0
6557,5207,0
6558,5207,0
6559,5207,0
6560,5207,0
6561,5207,0
6562,5207,0
6563,5207,0
6564,5207,0
6565,5207,0
6566,5207,0
6567,5208,0
6568,5208,0
6569,5208,0
6570,5208,0
6571,5208,0
6572,5208,0
6573,5208,0
6574,5209,0
6575,5209,0
6576,5209,0
6577,5210,0
6578,5210,0
6579,5210,0
6580,5210,0
6581,5210,0
6582,5210,0
6583,5210,0
6584,5210,0
6585,5210,0
6586,5210,0
6587,5210,0
6588,5211,0
6589,5211,0
6590,5211,0
6591,5211,0
6592,5211,0
6593,5211,0
6594,5211,0
6595,5211,0
6596,5211,0
6597,5211,0
6598,5211,0
6599,5211,0
6600,5211,0
6601,5211,0
6602,5211,0
6603,5211,0
6604,5212,0
6605,5212,0
6606,5212,0
6607,5212,0
6608,5212,0
6609,5212,0
6610,5212,0
6611,5212,0
6612,5212,0
6613,5212,0
6614,5212,0
6615,5213,0
6616,5213,0
6617,5213,0
6618,5213,0
6619,5213,0
6620,5213,0
6621,5213,0
6622,5213,0
6623,5213,0
6624,5213,0
6625,5213,0
6626,5214,0
6627,5214,0
6628,5214,0
6629,5214,0
6630,5214,0
6631,5214,0
6632,5214,0
6633,5214,0
6634,5214,0
6635,5214,0
6636,5214,0
6637,5215,0
6638,5215,0
6639,5215,0
6640,5215,0
6641,5215,0
6642,5215,0
6643,5215,0
6644,5215,0
6645,5215,0
6646,5215,0
6647,5215,0
6648,5216,0
6649,5216,0
6650,5216,0
6651,5216,0
6652,5216,0
6653,5217,0
6654,5217,0
6655,5217,0
6656,5217,0
6657,5217,0
6658,5217,0
6659,5217,0
6660,5217,0
6661,5218,0
6662,5218,0
6663,5218,0
6664,5218,0
6665,5218,0
6666,5218,0
6667,5218,0
6668,5218,0
6669,5218,0
6670,5218,0
6671,5218,0
6672,5218,0
6673,5219,0
6674,5219,0
6675,5219,0
6676,5219,0
6677,5219,0
6678,5219,0
6679,5219,0
6680,5219,0
6681,5219,0
6682,5219,0
6683,5219,0
6684,5219,0
6685,5219,0
6686,5219,0
6687,5219,0
6688,5219,0
6689,5219,0
6690,5219,0
6691,5219,0
6692,5219,0
6693,5219,0
6694,5219,0
6695,5219,0
6696,5219,0
6697,5219,0
6698,5219,0
6699,5219,0
6700,5219,0
6701,5219,0
6702,5219,0
6703,5219,0
6704,5220,0
6705,5220,0
6706,5221,0
6707,5221,0
6708,5221,0
6709,5221,0
6710,5221,0
6711,5221,0
6712,5221,0
6713,5221,0
6714,5222,0
6715,5222,0
6716,5222,0
6717,5222,0
6718,5222,0
6719,5222,0
6720,5222,0
6721,5222,0
6722,5222,0
6723,5223,0
6724,5224,0
6725,5225,0
6726,5226,0
6727,5226,0
6728,5226,0
6729,5226,0
6730,5226,0
6731,5226,0
6732,5226,0
6733,5227,0
6734,5227,0
6735,5228,0
6736,5228,0
6737,5229,0
6738,5229,0
6739,5229,0
6740,5229,0
6741,5229,0
6742,5229,0
6743,5229,0
6744,5229,0
6745,5229,0
6746,5229,0
6747,5230,0
6748,5230,0
6749,5230,0
6750,5230,0
6751,5230,0
6752,5230,0
6753,5230,0
6754,5230,0
6755,5230,0
6756,5230,0
6757,5231,0
6758,5232,0
6759,5232,0
6760,5232,0
6761,5232,0
6762,5232,0
6763,5233,0
6764,5233,0
6765,5233,0
6766,5233,0
6767,5233,0
6768,5233,0
6769,5233,0
6770,5234,0
6771,5235,0
6772,5235,0
6773,5235,0
6774,5235,0
6775,5235,0
6776,5235,0
6777,5235,0
6778,5235,0
6779,5236,0
6780,5236,0
6781,5236,0
6782,5236,0
6783,5236,0
6784,5236,0
6785,5236,0
6786,5236,0
6787,5236,0
6788,5236,0
6789,5237,0
6790,5238,0
6791,5238,0
6792,5238,0
6793,5238,0
6794,5238,0
6795,5239,0
6796,5239,0
6797,5239,0
6798,5239,0
6799,5239,0
6800,5240,0
6801,5241,0
6802,5242,0
6803,5242,0
6804,5243,0
6805,5243,0
6806,5243,0
6807,5243,0
6808,5243,0
6809,5243,0
6810,5243,0
6811,5244,0
6812,5245,0
6813,5245,0
6814,5245,0
6815,5245,0
6816,5245,0
6817,5246,0
6818,5246,0
6819,5246,0
6820,5247,0
6821,5247,0
6822,5247,0
6823,5247,0
6824,5247,0
6825,5247,0
6826,5247,0
6827,5247,0
6828,5247,0
6829,5247,0
6830,5248,0
6831,5248,0
6832,5248,0
6833,5248,0
6834,5248,0
6835,5248,0
6836,5248,0
6837,5248,0
6838,5248,0
6839,5248,0
6840,5248,0
6841,5249,0
6842,5249,0
6843,5249,0
6844,5249,0
6845,5249,0
6846,5250,0
6847,5250,0
6848,5250,0
6849,5250,0
6850,5250,0
6851,5250,0
6852,5250,0
6853,5250,0
6854,5251,0
6855,5251,0
6856,5251,0
6857,5251,0
6858,5251,0
6859,5251,0
6860,5251,0
6861,5251,0
6862,5251,0
6863,5252,0
6864,5252,0
6865,5252,0
6866,5252,0
6867,5252,0
6868,5253,0
6869,5253,0
6870,5253,0
6871,5253,0
6872,5254,0
6873,5254,0
6874,5254,0
6875,5255,0
6876,5255,0
6877,5255,0
6878,5255,0
6879,5255,0
6880,5255,0
6881,5255,0
6882,5255,0
6883,5255,0
6884,5255,0
6885,5256,0
6886,5257,0
6887,5258,0
6888,5258,0
6889,5258,0
6890,5258,0
6891,5258,0
6892,5258,0
6893,5258,0
6894,5258,0
6895,5258,0
6896,5259,0
6897,5259,0
6898,5260,0
6899,5261,0
6900,5261,0
6901,5261,0
6902,5261,0
6903,5261,0
6904,5261,0
6905,5261,0
6906,5261,0
6907,5261,0
6908,5261,0
6909,5261,0
6910,5262,0
6911,5262,0
6912,5262,0
6913,5263,0
6914,5263,0
6915,5263,0
6916,5264,0
6917,5264,0
6918,5264,0
6919,5265,0
6920,5265,0
6921,5266,0
6922,5267,0
6923,5268,0
6924,5268,0
6925,5268,0
6926,5268,0
6927,5268,0
6928,5268,0
6929,5268,0
6930,5268,0
6931,5268,0
6932,5268,0
6933,5269,0
6934,5270,0
6935,5270,0
6936,5270,0
6937,5270,0
6938,5270,0
6939,5271,0
6940,5271,0
6941,5271,0
6942,5271,0
6943,5271,0
6944,5271,0
6945,5271,0
6946,5272,0
6947,5272,0
6948,5272,0
6949,5272,0
6950,5272,0
6951,5273,0
6952,5273,0
6953,5273,0
6954,5273,0
6955,5273,0
6956,5274,0
6957,5275,0
6958,5275,0
6959,5276,0
6960,5276,0
6961,5276,0
6962,5277,0
6963,5277,0
6964,5277,0
6965,5277,0
6966,5277,0
6967,5278,0
6968,5279,0
6969,5279,0
6970,5279,0
6971,5279,0
6972,5279,0
6973,5279,0
6974,5279,0
6975,5279,0
6976,5279,0
6977,5279,0
6978,5279,0
6979,5279,0
6980,5279,0
6981,5280,0
6982,5280,0
6983,5281,0
6984,5282,0
6985,5282,0
6986,5282,0
6987,5282,0
6988,5282,0
6989,5283,0
6990,5283,0
6991,5283,0
6992,5283,0
6993,5284,0
6994,5285,0
6995,5285,0
6996,5285,0
6997,5286,0
6998,5286,0
6999,5286,0
7000,5286,0
7001,5286,0
7002,5286,0
7003,5287,0
7004,5288,0
7005,5288,0
7006,5288,0
7007,5288,0
7008,5288,0
7009,5289,0
7010,5289,0
7011,5289,0
7012,5289,0
7013,5290,0
7014,5291,0
7015,5292,0
7016,5292,0
7017,5292,0
7018,5292,0
7019,5292,0
7020,5293,0
7021,5293,0
7022,5293,0
7023,5293,0
7024,5293,0
7025,5293,0
7026,5294,0
7027,5295,0
7028,5296,0
7029,5296,0
7030,5296,0
7031,5296,0
7032,5297,0
7033,5297,0
7034,5297,0
7035,5297,0
7036,5297,0
7037,5297,0
7038,5298,0
7039,5298,0
7040,5298,0
7041,5298,0
7042,5298,0
7043,5298,0
7044,5298,0
7045,5298,0
7046,5298,0
7047,5298,0
7048,5298,0
7049,5299,0
7050,5299,0
7051,5299,0
7052,5299,0
7053,5299,0
7054,5299,0
7055,5299,0
7056,5300,0
7057,5300,0
7058,5301,0
7059,5301,0
7060,5302,0
7061,5302,0
7062,5302,0
7063,5302,0
7064,5302,0
7065,5302,0
7066,5302,0
7067,5302,0
7068,5302,0
7069,5302,0
7070,5302,0
7071,5303,0
7072,5303,0
7073,5303,0
7074,5303,0
7075,5303,0
7076,5303,0
7077,5303,0
7078,5303,0
7079,5303,0
7080,5303,0
7081,5303,0
7082,5304,0
7083,5304,0
7084,5304,0
7085,5304,0
7086,5304,0
7087,5304,0
7088,5304,0
7089,5305,0
7090,5305,0
7091,5306,0
7092,5306,0
7093,5306,0
7094,5306,0
7095,5306,0
7096,5307,0
7097,5308,0
7098,5308,0
7099,5308,0
7100,5308,0
7101,5308,0
7102,5308,0
7103,5308,0
7104,5308,0
7105,5308,0
7106,5308,0
7107,5308,0
7108,5308,0
7109,5309,0
7110,5309,0
7111,5309,0
7112,5309,0
7113,5309,0
7114,5310,0
7115,5310,0
7116,5310,0
7117,5310,0
7118,5311,0
7119,5311,0
7120,5312,0
7121,5313,0
7122,5309,0
7123,5309,0
7124,5309,0
7125,5309,0
7126,5314,0
7127,5314,0
7128,5314,0
7129,5314,0
7130,5314,0
7131,5315,0
7132,5315,0
7133,5314,0
7134,5314,0
7135,5314,0
7136,5316,0
7137,5316,0
7138,5316,0
7139,5316,0
7140,5316,0
7141,5316,0
7142,5316,0
7143,5316,0
7144,5316,0
7145,5316,0
7146,5316,0
7147,5317,0
7148,5318,0
7149,5318,0
7150,5318,0
7151,5318,0
7152,5318,0
7153,5318,0
7154,5318,0
7155,5318,0
7156,5318,0
7157,5318,0
7158,5319,0
7159,5319,0
7160,5319,0
7161,5319,0
7162,5319,0
7163,5319,0
7164,5319,0
7165,5319,0
7166,5319,0
7167,5319,0
7168,5320,0
7169,5320,0
7170,5320,0
7171,5320,0
7172,5320,0
7173,5320,0
7174,5320,0
7175,5320,0
7176,5320,0
7177,5320,0
7178,5321,0
7179,5321,0
7180,5321,0
7181,5321,0
7182,5321,0
7183,5321,0
7184,5321,0
7185,5321,0
7186,5321,0
7187,5322,0
7188,5323,0
7189,5323,0
7190,5323,0
7191,5323,0
7192,5323,0
7193,5323,0
7194,5323,0
7195,5323,0
7196,5323,0
7197,5323,0
7198,5323,0
7199,5324,0
7200,5324,0
7201,5324,0
7202,5324,0
7203,5324,0
7204,5324,0
7205,5324,0
7206,5324,0
7207,5324,0
7208,5325,0
7209,5326,0
7210,5327,0
7211,5327,0
7212,5327,0
7213,5327,0
7214,5327,0
7215,5327,0
7216,5327,0
7217,5327,0
7218,5327,0
7219,5328,0
7220,5328,0
7221,5328,0
7222,5328,0
7223,5328,0
7224,5328,0
7225,5328,0
7226,5328,0
7227,5328,0
7228,5328,0
7229,5329,0
7230,5329,0
7231,5329,0
7232,5329,0
7233,5329,0
7234,5329,0
7235,5329,0
7236,5329,0
7237,5329,0
7238,5329,0
7239,5329,0
7240,5330,0
7241,5330,0
7242,5330,0
7243,5330,0
7244,5330,0
7245,5330,0
7246,5330,0
7247,5330,0
7248,5330,0
7249,5330,0
7250,5330,0
7251,5331,0
7252,5331,0
7253,5331,0
7254,5331,0
7255,5331,0
7256,5332,0
7257,5332,0
7258,5332,0
7259,5332,0
7260,5332,0
7261,5333,0
7262,5334,0
7263,5334,0
7264,5334,0
7265,5334,0
7266,5334,0
7267,5334,0
7268,5334,0
7269,5334,0
7270,5334,0
7271,5334,0
7272,5334,0
7273,5334,0
7274,5334,0
7275,5334,0
7276,5334,0
7277,5335,0
7278,5335,0
7279,5335,0
7280,5335,0
7281,5335,0
7282,5335,0
7283,5335,0
7284,5335,0
7285,5335,0
7286,5335,0
7287,5336,0
7288,5337,0
7289,5337,0
7290,5337,0
7291,5337,0
7292,5337,0
7293,5337,0
7294,5337,0
7295,5337,0
7296,5337,0
7297,5337,0
7298,5338,0
7299,5339,0
7300,5339,0
7301,5339,0
7302,5339,0
7303,5339,0
7304,5339,0
7305,5339,0
7306,5340,0
7307,5340,0
7308,5340,0
7309,5341,0
7310,5342,0
7311,5343,0
7312,5343,0
7313,5343,0
7314,5343,0
7315,5343,0
7316,5343,0
7317,5343,0
7318,5343,0
7319,5343,0
7320,5344,0
7321,5344,0
7322,5344,0
7323,5345,0
7324,5345,0
7325,5345,0
7326,5345,0
7327,5345,0
7328,5345,0
7329,5346,0
7330,5346,0
7331,5346,0
7332,5346,0
7333,5346,0
7334,5346,0
7335,5347,0
7336,5347,0
7337,5347,0
7338,5347,0
7339,5347,0
7340,5347,0
7341,5347,0
7342,5347,0
7343,5347,0
7344,5347,0
7345,5348,0
7346,5348,0
7347,5348,0
7348,5349,0
7349,5349,0
7350,5349,0
7351,5349,0
7352,5349,0
7353,5349,0
7354,5350,0
7355,5350,0
7356,5351,0
7357,5351,0
7358,5351,0
7359,5351,0
7360,5351,0
7361,5352,0
7362,5353,0
7363,5353,0
7364,5353,0
7365,5353,0
7366,5353,0
7367,5354,0
7368,5352,0
7369,5348,0
7370,5348,0
7371,5348,0
7372,5348,0
7373,5348,0
7374,5349,0
7375,5349,0
7376,5349,0
7377,5349,0
7378,5349,0
7379,5350,0
7380,5350,0
7381,5355,0
7382,5355,0
7383,5355,0
7384,5355,0
7385,5355,0
7386,5356,0
7387,5356,0
7388,5356,0
7389,5356,0
7390,5356,0
7391,5356,0
7392,5357,0
7393,5358,0
7394,5358,0
7395,5358,0
7396,5359,0
7397,5359,0
7398,5360,0
7399,5360,0
7400,5360,0
7401,5360,0
7402,5361,0
7403,5361,0
7404,5362,0
7405,5362,0
7406,5362,0
7407,5362,0
7408,5362,0
7409,5363,0
7410,5364,0
7411,5364,0
7412,5364,0
7413,5364,0
7414,5365,0
7415,5365,0
7416,5365,0
7417,5365,0
7418,5365,0
7419,5366,0
7420,5366,0
7421,5366,0
7422,5366,0
7423,5366,0
7424,5366,0
7425,5367,0
7426,5367,0
7427,5367,0
7428,5367,0
7429,5367,0
7430,5368,0
7431,5368,0
7432,5368,0
7433,5368,0
7434,5368,0
7435,5368,0
7436,5369,0
7437,5370,0
7438,5370,0
7439,5370,0
7440,5370,0
7441,5370,0
7442,5370,0
7443,5370,0
7444,5370,0
7445,5370,0
7446,5370,0
7447,5371,0
7448,5372,0
7449,5373,0
7450,5373,0
7451,5373,0
7452,5373,0
7453,5373,0
7454,5373,0
7455,5373,0
7456,5373,0
7457,5373,0
7458,5373,0
7459,5373,0
7460,5374,0
7461,5375,0
7462,5376,0
7463,5376,0
7464,5376,0
7465,5377,0
7466,5377,0
7467,5378,0
7468,5378,0
7469,5378,0
7470,5378,0
7471,5378,0
7472,5379,0
7473,5380,0
7474,5380,0
7475,5380,0
7476,5380,0
7477,5380,0
7478,5380,0
7479,5380,0
7480,5380,0
7481,5380,0
7482,5380,0
7483,5380,0
7484,5381,0
7485,5382,0
7486,5382,0
7487,5382,0
7488,5382,0
7489,5382,0
7490,5382,0
7491,5382,0
7492,5382,0
7493,5382,0
7494,5382,0
7495,5382,0
7496,5383,0
7497,5383,0
7498,5384,0
7499,5385,0
7500,5386,0
7501,5386,0
7502,5387,0
7503,5388,0
7504,5388,0
7505,5388,0
7506,5388,0
7507,5388,0
7508,5389,0
7509,5389,0
7510,5389,0
7511,5389,0
7512,5389,0
7513,5389,0
7514,5389,0
7515,5389,0
7516,5389,0
7517,5389,0
7518,5389,0
7519,5390,0
7520,5391,0
7521,5391,0
7522,5391,0
7523,5391,0
7524,5391,0
7525,5391,0
7526,5391,0
7527,5391,0
7528,5391,0
7529,5391,0
7530,5391,0
7531,5391,0
7532,5392,0
7533,5392,0
7534,5392,0
7535,5392,0
7536,5392,0
7537,5392,0
7538,5392,0
7539,5392,0
7540,5392,0
7541,5392,0
7542,5392,0
7543,5393,0
7544,5393,0
7545,5393,0
7546,5393,0
7547,5393,0
7548,5393,0
7549,5393,0
7550,5393,0
7551,5393,0
7552,5393,0
7553,5394,0
7554,5394,0
7555,5394,0
7556,5394,0
7557,5394,0
7558,5394,0
7559,5394,0
7560,5394,0
7561,5394,0
7562,5394,0
7563,5395,0
7564,5395,0
7565,5395,0
7566,5395,0
7567,5395,0
7568,5396,0
7569,5396,0
7570,5396,0
7571,5395,0
7572,5395,0
7573,5395,0
7574,5395,0
7575,5395,0
7576,5395,0
7577,5395,0
7578,5397,0
7579,5397,0
7580,5397,0
7581,5397,0
7582,5397,0
7583,5397,0
7584,5397,0
7585,5397,0
7586,5397,0
7587,5397,0
7588,5397,0
7589,5397,0
7590,5397,0
7591,5397,0
7592,5397,0
7593,5397,0
7594,5397,0
7595,5397,0
7596,5397,0
7597,5397,0
7598,5397,0
7599,5397,0
7600,5397,0
7601,5397,0
7602,5397,0
7603,5397,0
7604,5397,0
7605,5397,0
7606,5397,0
7607,5397,0
7608,5397,0
7609,5397,0
7610,5397,0
7611,5397,0
7612,5397,0
7613,5397,0
7614,5397,0
7615,5397,0
7616,5397,0
7617,5397,0
7618,5397,0
7619,5397,0
7620,5398,0
7621,5399,0
7622,5399,0
7623,5399,0
7624,5399,0
7625,5399,0
7626,5399,0
7627,5399,0
7628,5399,0
7629,5399,0
7630,5399,0
7631,5399,0
7632,5399,0
7633,5399,0
7634,5399,0
7635,5399,0
7636,5399,0
7637,5399,0
7638,5399,0
7639,5399,0
7640,5399,0
7641,5399,0
7642,5399,0
7643,5399,0
7644,5399,0
7645,5399,0
7646,5399,0
7647,5399,0
7648,5399,0
7649,5399,0
7650,5399,0
7651,5399,0
7652,5399,0
7653,5400,0
7654,5400,0
7655,5400,0
7656,5400,0
7657,5400,0
7658,5400,0
7659,5400,0
7660,5400,0
7661,5400,0
7662,5400,0
7663,5400,0
7664,5400,0
7665,5400,0
7666,5401,0
7667,5401,0
7668,5401,0
7669,5401,0
7670,5401,0
7671,5401,0
7672,5401,0
7673,5401,0
7674,5401,0
7675,5401,0
7676,5401,0
7677,5401,0
7678,5401,0
7679,5401,0
7680,5401,0
7681,5401,0
7682,5401,0
7683,5402,0
7684,5402,0
7685,5402,0
7686,5402,0
7687,5402,0
7688,5402,0
7689,5402,0
7690,5402,0
7691,5402,0
7692,5402,0
7693,5402,0
7694,5403,0
7695,5403,0
7696,5403,0
7697,5403,0
7698,5403,0
7699,5403,0
7700,5403,0
7701,5403,0
7702,5403,0
7703,5403,0
7704,5404,0
7705,5404,0
7706,5404,0
7707,5404,0
7708,5404,0
7709,5404,0
7710,5404,0
7711,5404,0
7712,5404,0
7713,5404,0
7714,5404,0
7715,5405,0
7716,5405,0
7717,5406,0
7718,5406,0
7719,5406,0
7720,5406,0
7721,5406,0
7722,5406,0
7723,5406,0
7724,5406,0
7725,5407,0
7726,5407,0
7727,5407,0
7728,5407,0
7729,5407,0
7730,5408,0
7731,5408,0
7732,5408,0
7733,5408,0
7734,5408,0
7735,5408,0
7736,5408,0
7737,5408,0
7738,5408,0
7739,5408,0
7740,5408,0
7741,5408,0
7742,5408,0
7743,5408,0
7744,5408,0
7745,5408,0
7746,5408,0
7747,5408,0
7748,5408,0
7749,5408,0
7750,5408,0
7751,5409,0
7752,5409,0
7753,5409,0
7754,5409,0
7755,5409,0
7756,5410,0
7757,5410,0
7758,5410,0
7759,5410,0
7760,5410,0
7761,5410,0
7762,5410,0
7763,5410,0
7764,5410,0
7765,5410,0
7766,5410,0
7767,5410,0
7768,5411,0
7769,5411,0
7770,5411,0
7771,5411,0
7772,5411,0
7773,5411,0
7774,5411,0
7775,5411,0
7776,5411,0
7777,5411,0
7778,5412,0
7779,5412,0
7780,5412,0
7781,5412,0
7782,5412,0
7783,5412,0
7784,5412,0
7785,5412,0
7786,5412,0
7787,5412,0
7788,5412,0
7789,5412,0
7790,5412,0
7791,5412,0
7792,5412,0
7793,5412,0
7794,5412,0
7795,5412,0
7796,5412,0
7797,5412,0
7798,5412,0
7799,5412,0
7800,5412,0
7801,5413,0
7802,5413,0
7803,5413,0
7804,5413,0
7805,5413,0
7806,5413,0
7807,5413,0
7808,5413,0
7809,5414,0
7810,5414,0
7811,5414,0
7812,5414,0
7813,5414,0
7814,5414,0
7815,5414,0
7816,5414,0
7817,5415,1
7818,5416,0
7819,5416,0
7820,5416,0
7821,5416,0
7822,5417,0
7823,5417,0
7824,5417,0
7825,5417,0
7826,5418,0
7827,5418,0
7828,5418,0
7829,5418,0
7830,5418,0
7831,5418,0
7832,5419,0
7833,5419,0
7834,5419,0
7835,5420,0
7836,5420,0
7837,5420,0
7838,5421,0
7839,5422,0
7840,5423,0
7841,5424,0
7842,5424,0
7843,5425,0
7844,5425,0
7845,5425,0
7846,5425,0
7847,5425,0
7848,5425,0
7849,5426,0
7850,5426,0
7851,5426,0
7852,5426,0
7853,5426,0
7854,5427,0
7855,5427,0
7856,5427,0
7857,5427,0
7858,5427,0
7859,5427,0
7860,5428,0
7861,5428,0
7862,5429,0
7863,5430,0
7864,5431,0
7865,5431,0
7866,5431,0
7867,5432,0
7868,5432,0
7869,5433,0
7870,5433,0
7871,5433,0
7872,5433,0
7873,5434,0
7874,5435,0
7875,5436,0
7876,5436,0
7877,5436,0
7878,5436,0
7879,5436,0
7880,5437,0
7881,5438,0
7882,5438,0
7883,5438,0
7884,5438,0
7885,5439,0
7886,5439,0
7887,5440,0
7888,5440,0
7889,5440,0
7890,5440,0
7891,5440,0
7892,5441,0
7893,5441,0
7894,5441,0
7895,5441,0
7896,5441,0
7897,5441,0
7898,5442,0
7899,5442,0
7900,5442,0
7901,5443,0
7902,5443,0
7903,5443,0
7904,5444,0
7905,5444,0
7906,5444,0
7907,5444,0
7908,5444,0
7909,5445,0
7910,5445,0
7911,5445,0
7912,5445,0
7913,5445,0
7914,5445,0
7915,5446,0
7916,5447,0
7917,5446,0
7918,5447,0
7919,5446,0
7920,5447,0
7921,5447,0
7922,5446,0
7923,5447,0
7924,5447,0
7925,5447,0
7926,5448,0
7927,5447,0
7928,5447,0
7929,5448,0
7930,5447,0
7931,5448,0
7932,5449,0
7933,5449,0
7934,5448,0
7935,5449,0
7936,5449,0
7937,5450,0
7938,5449,0
7939,5450,0
7940,5450,0
7941,5451,0
7942,5452,0
7943,5453,0
7944,5452,0
7945,5452,0
7946,5453,0
7947,5453,0
7948,5454,0
7949,5453,0
7950,5454,0
7951,5455,0
7952,5454,0
7953,5455,0
7954,5454,0
7955,5454,0
7956,5455,0
7957,5454,0
7958,5454,0
7959,5456,0
7960,5457,0
7961,5458,0
7962,5457,0
7963,5457,0
7964,5458,0
7965,5457,0
7966,5457,0
7967,5459,0
7968,5457,0
7969,5460,0
7970,5460,0
7971,5461,0
7972,5462,0
7973,5461,0
7974,5461,0
7975,5462,0
7976,5463,0
7977,5463,0
7978,5450,0
7979,5450,0
7980,5464,0
7981,5465,0
7982,5465,0
7983,5465,0
7984,5466,0
7985,5465,0
7986,5465,0
7987,5466,0
7988,5465,0
7989,5467,0
7990,5468,0
7991,5469,0
7992,5469,0
7993,5470,0
7994,5469,0
7995,5470,0
7996,5471,0
7997,5472,0
7998,5473,0
7999,5472,0
8000,5473,0
8001,5472,0
8002,5472,0
8003,5474,0
8004,5472,0
8005,5475,0
8006,5476,0
8007,5475,0
8008,5476,0
8009,5476,0
8010,5476,0
8011,5476,0
8012,5477,0
8013,5477,0
8014,5478,0
8015,5478,0
8016,5478,0
8017,5478,0
8018,5478,0
8019,5479,0
8020,5480,0
8021,5481,0
8022,5480,0
8023,5481,0
8024,5480,0
8025,5480,0
8026,5481,0
8027,5480,0
8028,5482,0
8029,5482,0
8030,5482,0
8031,5482,0
8032,5483,0
8033,5484,0
8034,5483,0
8035,5484,0
8036,5485,0
8037,5484,0
8038,5484,0
8039,5486,0
8040,5487,0
8041,5488,0
8042,5488,0
8043,5488,0
8044,5489,0
8045,5490,0
8046,5489,0
8047,5490,0
8048,5490,0
8049,5491,0
8050,5491,0
8051,5492,0
8052,5492,0
8053,5491,0
8054,5492,0
8055,5491,0
8056,5492,0
8057,5493,0
8058,5494,0
8059,5495,0
8060,5496,0
8061,5495,0
8062,5495,0
8063,5496,0
8064,5495,0
8065,5495,0
8066,5495,0
8067,5497,0
8068,5497,0
8069,5497,0
8070,5497,0
8071,5498,0
8072,5498,0
8073,5498,0
8074,5499,0
8075,5500,0
8076,5500,0
8077,5501,0
8078,5500,0
8079,5501,0
8080,5500,0
8081,5502,0
8082,5503,0
8083,5503,0
8084,5504,0
8085,5504,0
8086,5505,0
8087,5505,0
8088,5506,0
8089,5505,0
8090,5507,0
8091,5508,0
8092,5507,0
8093,5508,0
8094,5509,0
8095,5509,0
8096,5510,0
8097,5510,0
8098,5511,0
8099,5512,0
8100,5513,0
8101,5514,0
8102,5514,0
8103,5515,0
8104,5514,0
8105,5516,0
8106,5516,0
8107,5517,0
8108,5518,0
8109,5518,0
8110,5519,0
8111,5520,0
8112,5519,0
8113,5520,0
8114,5519,0
8115,5521,0
8116,5522,0
8117,5521,0
8118,5521,0
8119,5523,0
8120,5524,0
8121,5524,0
8122,5523,0
8123,5525,0
8124,5525,0
8125,5525,0
8126,5525,0
8127,5526,0
8128,5525,0
8129,5527,0
8130,5528,0
8131,5528,0
8132,5529,0
8133,5528,0
8134,5528,0
8135,5530,0
8136,5531,0
8137,5530,0
8138,5530,0
8139,5532,0
8140,5530,0
8141,5530,0
8142,5532,0
8143,5530,0
8144,5530,0
8145,5530,0
8146,5530,0
8147,5533,0
8148,5533,0
8149,5533,0
8150,5534,0
8151,5535,0
8152,5535,0
8153,5536,0
8154,5535,0
8155,5536,0
8156,5537,0
8157,5537,0
8158,5537,0
8159,5537,0
8160,5537,0
8161,5537,0
8162,5537,0
8163,5537,0
8164,5538,0
8165,5538,0
8166,5538,0
8167,5538,0
8168,5538,0
8169,5539,0
8170,5540,0
8171,5540,0
8172,5540,0
8173,5540,0
8174,5541,0
8175,5541,0
8176,5541,0
8177,5542,0
8178,5543,0
8179,5544,0
8180,5545,0
8181,5546,0
8182,5547,0
8183,5548,0
8184,5548,0
8185,5549,0
8186,5549,0
8187,5549,0
8188,5549,0
8189,5549,0
8190,5549,0
8191,5549,0
8192,5550,0
8193,5549,0
8194,5549,0
8195,5551,0
8196,5549,0
8197,5549,0
8198,5552,0
8199,5549,0
8200,5549,0
8201,5549,0
8202,5553,0
8203,5554,0
8204,5553,0
8205,5554,0
8206,5554,0
8207,5553,0
8208,5554,0
8209,5553,0
8210,5554,0
8211,5554,0
8212,5555,0
8213,5554,0
8214,5554,0
8215,5555,0
8216,5554,0
8217,5556,0
8218,5557,0
8219,5558,0
8220,5559,0
8221,5558,0
8222,5559,0
8223,5559,0
8224,5559,0
8225,5560,0
8226,5559,0
8227,5560,0
8228,5561,0
8229,5562,0
8230,5561,0
8231,5561,0
8232,5561,0
8233,5561,0
8234,5563,0
8235,5561,0
8236,5563,0
8237,5561,0
8238,5564,0
8239,5564,0
8240,5565,0
8241,5566,0
8242,5565,0
8243,5566,0
8244,5566,0
8245,5565,0
8246,5565,0
8247,5566,0
8248,5566,0
8249,5565,0
8250,5566,0
8251,5565,0
8252,5566,0
8253,5566,0
8254,5567,0
8255,5568,0
8256,5567,0
8257,5568,0
8258,5567,0
8259,5568,0
8260,5567,0
8261,5568,0
8262,5568,0
8263,5567,0
8264,5568,0
8265,5568,0
8266,5569,0
8267,5569,0
8268,5569,0
8269,5569,0
8270,5570,0
8271,5569,0
8272,5570,0
8273,5569,0
8274,5570,0
8275,5569,0
8276,5569,0
8277,5570,0
8278,5569,0
8279,5569,0
8280,5571,0
8281,5569,0
8282,5569,0
8283,5569,0
8284,5572,0
8285,5572,0
8286,5572,0
8287,5573,0
8288,5572,0
8289,5573,0
8290,5572,0
8291,5573,0
8292,5572,0
8293,5573,0
8294,5573,0
8295,5573,0
8296,5573,0
8297,5574,0
8298,5574,0
8299,5574,0
8300,5574,0
8301,5574,0
8302,5575,0
8303,5575,0
8304,5575,0
8305,5575,0
8306,5576,0
8307,5577,0
8308,5577,0
8309,5578,0
8310,5578,0
8311,5579,0
8312,5579,0
8313,5579,0
8314,5580,0
8315,5581,0
8316,5581,0
8317,5581,0
8318,5581,0
8319,5581,0
8320,5582,0
8321,5583,0
8322,5584,0
8323,5584,0
8324,5585,0
8325,5586,0
8326,5587,0
8327,5587,0
8328,5587,0
8329,5588,0
8330,5589,0
8331,5590,0
8332,5590,0
8333,5591,0
8334,5592,0
8335,5593,0
8336,5594,0
8337,5595,0
8338,5595,0
8339,5595,0
8340,5596,0
8341,5597,0
8342,5598,0
8343,5599,0
8344,5600,0
8345,5601,0
8346,5601,0
8347,5601,0
8348,5601,0
8349,5601,0
8350,5601,0
8351,5602,0
8352,5603,0
8353,5603,0
8354,5603,0
8355,5603,0
8356,5603,0
8357,5603,0
8358,5604,0
8359,5604,0
8360,5605,0
8361,5605,0
8362,5605,0
8363,5605,0
8364,5605,0
8365,5606,0
8366,5606,0
8367,5606,0
8368,5606,0
8369,5606,0
8370,5606,0
8371,5606,0
8372,5606,0
8373,5607,0
8374,5608,0
8375,5608,0
8376,5608,0
8377,5608,0
8378,5608,0
8379,5608,0
8380,5609,0
8381,5609,0
8382,5610,0
8383,5610,0
8384,5610,0
8385,5610,0
8386,5610,0
8387,5610,0
8388,5611,0
8389,5611,0
8390,5611,0
8391,5611,0
8392,5611,0
8393,5611,0
8394,5611,0
8395,5612,0
8396,5612,0
8397,5613,0
8398,5613,0
8399,5613,0
8400,5613,0
8401,5613,0
8402,5613,0
8403,5614,0
8404,5614,0
8405,5615,0
8406,5615,0
8407,5615,0
8408,5615,0
8409,5615,0
8410,5615,0
8411,5616,0
8412,5616,0
8413,5617,0
8414,5617,0
8415,5617,0
8416,5617,0
8417,5617,0
8418,5618,0
8419,5618,0
8420,5619,0
8421,5619,0
8422,5619,0
8423,5620,0
8424,5620,0
8425,5620,0
8426,5620,0
8427,5621,0
8428,5622,0
8429,5622,0
8430,5622,0
8431,5623,0
8432,5623,0
8433,5623,0
8434,5623,0
8435,5623,0
8436,5623,0
8437,5623,0
8438,5623,0
8439,5623,0
8440,5624,0
8441,5625,0
8442,5625,0
8443,5625,0
8444,5625,0
8445,5626,0
8446,5626,0
8447,5626,0
8448,5627,0
8449,5627,0
8450,5627,0
8451,5628,0
8452,5628,0
8453,5629,0
8454,5629,0
8455,5629,0
8456,5630,0
8457,5631,0
8458,5631,0
8459,5631,0
8460,5631,0
8461,5631,0
8462,5631,0
8463,5632,0
8464,5632,0
8465,5632,0
8466,5632,0
8467,5632,0
8468,5632,0
8469,5632,0
8470,5632,0
8471,5632,0
8472,5633,0
8473,5633,0
8474,5634,0
8475,5634,0
8476,5634,0
8477,5634,0
8478,5634,0
8479,5635,0
8480,5635,0
8481,5635,0
8482,5636,0
8483,5636,0
8484,5636,0
8485,5636,0
8486,5636,0
8487,5636,0
8488,5636,0
8489,5636,0
8490,5637,0
8491,5637,0
8492,5637,0
8493,5637,0
8494,5637,0
8495,5638,0
8496,5639,0
8497,5640,0
8498,5640,0
8499,5640,0
8500,5640,0
8501,5640,0
8502,5640,0
8503,5640,0
8504,5640,0
8505,5641,0
8506,5641,0
8507,5641,0
8508,5641,0
8509,5641,0
8510,5641,0
8511,5641,0
8512,5642,0
8513,5642,0
8514,5642,0
8515,5642,0
8516,5643,0
8517,5643,0
8518,5643,0
8519,5614,0
8520,5614,0
8521,5614,0
8522,5614,0
8523,5614,0
8524,5614,0
8525,5614,0
8526,5614,0
8527,5644,0
8528,5644,0
8529,5644,0
8530,5644,0
8531,5644,0
8532,5644,0
8533,5644,0
8534,5644,0
8535,5645,0
8536,5645,0
8537,5645,0
8538,5645,0
8539,5645,0
8540,5645,0
8541,5645,0
8542,5645,0
8543,5646,0
8544,5646,0
8545,5646,0
8546,5646,0
8547,5646,0
8548,5646,0
8549,5646,0
8550,5646,0
8551,5646,0
8552,5646,0
8553,5646,0
8554,5646,0
8555,5646,0
8556,5646,0
8557,5646,0
8558,5646,0
8559,5647,0
8560,5647,0
8561,5647,0
8562,5647,0
8563,5648,0
8564,5648,0
8565,5649,0
8566,5649,0
8567,5649,0
8568,5649,0
8569,5649,0
8570,5649,0
8571,5649,0
8572,5649,0
8573,5650,0
8574,5650,0
8575,5650,0
8576,5650,0
8577,5650,0
8578,5650,0
8579,5650,0
8580,5650,0
8581,5651,0
8582,5651,0
8583,5651,0
8584,5651,0
8585,5651,0
8586,5651,0
8587,5652,0
8588,5652,0
8589,5652,0
8590,5652,0
8591,5652,0
8592,5652,0
8593,5646,0
8594,5646,0
8595,5646,0
8596,5646,0
8597,5646,0
8598,5646,0
8599,5646,0
8600,5653,0
8601,5653,0
8602,5653,0
8603,5653,0
8604,5654,0
8605,5654,0
8606,5654,0
8607,5654,0
8608,5655,0
8609,5655,0
8610,5655,0
8611,5655,0
8612,5656,0
8613,5656,0
8614,5657,0
8615,5657,0
8616,5657,0
8617,5657,0
8618,5657,0
8619,5657,0
8620,5657,0
8621,5657,0
8622,5657,0
8623,5658,0
8624,5658,0
8625,5658,0
8626,5658,0
8627,5658,0
8628,5658,0
8629,5658,0
8630,5659,0
8631,5659,0
8632,5659,0
8633,5659,0
8634,5659,0
8635,5659,0
8636,5660,0
8637,5660,0
8638,5660,0
8639,5660,0
8640,5660,0
8641,5661,0
8642,5662,0
8643,5662,0
8644,5662,0
8645,5662,0
8646,5663,0
8647,5663,0
8648,5659,0
8649,5659,0
8650,5659,0
8651,5659,0
8652,5664,0
8653,5664,0
8654,5665,0
8655,5666,0
8656,5666,0
8657,5666,0
8658,5666,0
8659,5666,0
8660,5666,0
8661,5666,0
8662,5666,0
8663,5666,0
8664,5666,0
8665,5666,0
8666,5666,0
8667,5666,0
8668,5666,0
8669,5666,0
8670,5667,0
8671,5667,0
8672,5667,0
8673,5667,0
8674,5667,0
8675,5667,0
8676,5667,0
8677,5667,0
8678,5668,0
8679,5668,0
8680,5668,0
8681,5668,0
8682,5668,0
8683,5668,0
8684,5669,0
8685,5669,0
8686,5669,0
8687,5669,0
8688,5669,0
8689,5669,0
8690,5670,0
8691,5670,0
8692,5670,0
8693,5670,0
8694,5670,0
8695,5670,0
8696,5671,0
8697,5671,0
8698,5671,0
8699,5671,0
8700,5671,0
8701,5672,0
8702,5673,0
8703,5673,0
8704,5673,0
8705,5674,0
8706,5675,0
8707,5675,0
8708,5675,0
8709,5675,0
8710,5675,0
8711,5675,0
8712,5676,0
8713,5676,0
8714,5676,0
8715,5676,0
8716,5676,0
8717,5677,0
8718,5678,0
8719,5678,0
8720,5678,0
8721,5678,0
8722,5679,0
8723,5680,0
8724,5680,0
8725,5680,0
8726,5680,0
8727,5681,0
8728,5681,0
8729,5681,0
8730,5681,0
8731,5681,0
8732,5681,0
8733,5682,0
8734,5682,0
8735,5683,0
8736,5684,0
8737,5684,0
8738,5684,0
8739,5685,0
8740,5685,0
8741,5685,0
8742,5685,0
8743,5686,0
8744,5687,0
8745,5687,0
8746,5688,0
8747,5688,0
8748,5689,0
8749,5689,0
8750,5689,0
8751,5690,0
8752,5691,0
8753,5691,0
8754,5691,0
8755,5692,0
8756,5692,0
8757,5692,0
8758,5692,0
8759,5692,0
8760,5692,0
8761,5692,0
8762,5693,0
8763,5693,0
8764,5693,0
8765,5693,0
8766,5694,0
8767,5695,0
8768,5695,0
8769,5695,0
8770,5695,0
8771,5696,0
8772,5697,0
8773,5697,0
8774,5698,0
8775,5698,0
8776,5699,0
8777,5699,0
8778,5700,0
8779,5700,0
8780,5701,0
8781,5701,0
8782,5702,0
8783,5702,0
8784,5702,0
8785,5702,0
8786,5702,0
8787,5703,0
8788,5704,0
8789,5704,0
8790,5704,0
8791,5705,0
8792,5705,0
8793,5705,0
8794,5706,0
8795,5706,0
8796,5706,0
8797,5706,0
8798,5707,0
8799,5707,0
8800,5707,0
8801,5707,0
8802,5707,0
8803,5707,0
8804,5707,0
8805,5708,0
8806,5709,0
8807,5709,0
8808,5710,0
8809,5710,0
8810,5710,0
8811,5711,0
8812,5711,0
8813,5711,0
8814,5712,0
8815,5712,0
8816,5712,0
8817,5713,0
8818,5713,0
8819,5713,0
8820,5713,0
8821,5714,0
8822,5715,0
8823,5716,0
8824,5717,0
8825,5718,0
8826,5719,0
8827,5719,0
8828,5720,0
8829,5720,0
8830,5720,0
8831,5720,0
8832,5720,0
8833,5720,0
8834,5721,0
8835,5722,0
8836,5722,0
8837,5722,0
8838,5723,0
8839,5723,0
8840,5724,0
8841,5724,0
8842,5724,0
8843,5724,0
8844,5724,0
8845,5724,0
8846,5725,0
8847,5726,0
8848,5726,0
8849,5726,0
8850,5726,0
8851,5727,0
8852,5728,0
8853,5728,0
8854,5729,0
8855,5729,0
8856,5730,0
8857,5730,0
8858,5730,0
8859,5730,0
8860,5730,0
8861,5731,0
8862,5731,0
8863,5731,0
8864,5731,0
8865,5731,0
8866,5731,0
8867,5732,0
8868,5733,0
8869,5733,0
8870,5734,0
8871,5734,0
8872,5735,0
8873,5735,0
8874,5735,0
8875,5735,0
8876,5735,0
8877,5736,0
8878,5737,0
8879,5737,0
8880,5737,0
8881,5738,0
8882,5739,0
8883,5740,0
8884,5740,0
8885,5740,0
8886,5741,0
8887,5742,0
8888,5743,0
8889,5744,0
8890,5744,0
8891,5745,0
8892,5745,0
8893,5745,0
8894,5745,0
8895,5746,0
8896,5747,0
8897,5747,0
8898,5748,0
8899,5748,0
8900,5749,0
8901,5750,0
8902,5750,0
8903,5750,0
8904,5750,0
8905,5750,0
8906,5750,0
8907,5751,0
8908,5752,0
8909,5753,0
8910,5753,0
8911,5753,0
8912,5754,0
8913,5754,0
8914,5754,0
8915,5754,0
8916,5754,0
8917,5754,0
8918,5755,0
8919,5755,0
8920,5755,0
8921,5755,0
8922,5756,0
8923,5756,0
8924,5756,0
8925,5756,0
8926,5756,0
8927,5756,0
8928,5757,0
8929,5758,0
8930,5758,0
8931,5759,0
8932,5759,0
8933,5760,0
8934,5760,0
8935,5761,0
8936,5762,0
8937,5763,0
8938,5764,0
8939,5765,0
8940,5766,0
8941,5766,0
8942,5767,0
8943,5768,0
8944,5769,0
8945,5769,0
8946,5770,0
8947,5771,0
8948,5768,0
8949,5772,0
8950,5773,0
8951,5774,0
8952,5775,0
8953,5772,0
8954,5772,0
8955,5776,0
8956,5777,0
8957,5778,0
8958,5779,0
8959,5780,0
8960,5781,0
8961,5781,0
8962,5782,0
8963,5782,0
8964,5783,0
8965,5784,0
8966,5785,0
8967,5786,0
8968,5787,0
8969,5788,0
8970,5789,0
8971,5790,0
8972,5791,0
8973,5792,0
8974,5793,0
8975,5794,0
8976,5792,0
8977,5791,0
8978,5795,0
8979,5796,0
8980,5797,0
8981,5798,0
8982,5797,0
8983,5799,0
8984,5800,0
8985,5800,0
8986,5801,0
8987,5802,0
8988,5803,0
8989,5804,0
8990,5805,0
8991,5806,0
8992,5807,0
8993,5808,0
8994,5809,0
8995,5809,0
8996,5810,0
8997,5811,0
8998,5811,0
8999,5812,0
9000,5813,0
9001,5814,0
9002,5815,0
9003,5816,0
9004,5817,0
9005,5818,0
9006,5819,0
9007,5820,0
9008,5821,0
9009,5821,0
9010,5822,0
9011,5818,0
9012,5823,0
9013,5824,0
9014,5824,0
9015,5825,0
9016,5826,0
9017,5826,0
9018,5826,0
9019,5827,0
9020,5827,0
9021,5828,0
9022,5829,0
9023,5830,0
9024,5831,0
9025,5832,0
9026,5833,0
9027,5834,0
9028,5835,0
9029,5835,0
9030,5836,0
9031,5837,0
9032,5838,0
9033,5839,0
9034,5834,0
9035,5834,0
9036,5840,0
9037,5841,0
9038,5842,0
9039,5843,0
9040,5844,0
9041,5845,0
9042,5846,0
9043,5847,0
9044,5847,0
9045,5848,0
9046,5849,0
9047,5849,0
9048,5849,0
9049,5850,0
9050,5850,0
9051,5851,0
9052,5852,0
9053,5853,0
9054,5853,0
9055,5854,0
9056,5855,0
9057,5855,0
9058,5856,0
9059,5856,0
9060,5857,0
9061,5857,0
9062,5857,0
9063,5858,0
9064,5859,0
9065,5858,0
9066,5860,0
9067,5860,0
9068,5861,0
9069,5861,0
9070,5861,0
9071,5862,0
9072,5863,0
9073,5863,0
9074,5864,0
9075,5865,0
9076,5866,0
9077,5867,0
9078,5868,0
9079,5869,0
9080,5870,0
9081,5871,0
9082,5872,0
9083,5872,0
9084,5873,0
9085,5873,0
9086,5873,0
9087,5873,0
9088,5874,0
9089,5874,0
9090,5874,0
9091,5875,0
9092,5875,0
9093,5876,0
9094,5877,0
9095,5877,0
9096,5878,0
9097,5878,0
9098,5879,0
9099,5880,0
9100,5880,0
9101,5881,0
9102,5881,0
9103,5881,0
9104,5882,0
9105,5882,0
9106,5882,0
9107,5883,0
9108,5884,0
9109,5885,0
9110,5886,0
9111,5886,0
9112,5886,0
9113,5887,0
9114,5887,0
9115,5888,0
9116,5889,0
9117,5890,0
9118,5890,0
9119,5890,0
9120,5891,0
9121,5891,0
9122,5891,0
9123,5892,0
9124,5892,0
9125,5893,0
9126,5894,0
9127,5895,0
9128,5895,0
9129,5895,0
9130,5894,0
9131,5894,0
9132,5896,0
9133,5896,0
9134,5897,0
9135,5897,0
9136,5898,0
9137,5898,0
9138,5899,0
9139,5900,0
9140,5901,0
9141,5901,0
9142,5902,0
9143,5903,0
9144,5904,0
9145,5905,0
9146,5906,0
9147,5907,0
9148,5908,0
9149,5909,0
9150,5910,0
9151,5911,0
9152,5912,0
9153,5913,0
9154,5914,0
9155,5913,0
9156,5915,0
9157,5916,0
9158,5917,0
9159,5917,0
9160,5918,0
9161,5919,0
9162,5915,0
9163,5920,0
9164,5921,0
9165,5921,0
9166,5921,0
9167,5921,0
9168,5922,0
9169,5922,0
9170,5923,0
9171,5924,0
9172,5924,0
9173,5922,0
9174,5922,0
9175,5925,0
9176,5926,0
9177,5927,0
9178,5926,0
9179,5926,0
9180,5928,0
9181,5928,0
9182,5929,0
9183,5930,0
9184,5931,0
9185,5932,0
9186,5933,0
9187,5934,0
9188,5934,0
9189,5935,0
9190,5936,0
9191,5937,0
9192,5938,0
9193,5939,0
9194,5940,0
9195,5941,0
9196,5942,0
9197,5943,0
9198,5944,0
9199,5945,0
9200,5946,0
9201,5947,0
9202,5947,0
9203,5948,0
9204,5949,0
9205,5950,0
9206,5951,0
9207,5952,0
9208,5953,0
9209,5954,0
9210,5954,0
9211,5955,0
9212,5955,0
9213,5955,0
9214,5955,0
9215,5956,0
9216,5957,0
9217,5958,0
9218,5959,0
9219,5960,0
9220,5961,0
9221,5962,0
9222,5963,0
9223,5964,0
9224,5965,0
9225,5965,0
9226,5966,0
9227,5967,0
9228,5968,0
9229,5968,0
9230,5969,0
9231,5970,0
9232,5971,0
9233,5972,0
9234,5973,0
9235,5974,0
9236,5974,0
9237,5975,0
9238,5976,0
9239,5977,0
9240,5978,0
9241,5978,0
9242,5979,0
9243,5980,0
9244,5981,0
9245,5982,0
9246,5983,0
9247,5984,0
9248,5985,0
9249,5986,0
9250,5986,0
9251,5987,0
9252,5987,0
9253,5988,0
9254,5989,0
9255,5990,0
9256,5991,0
9257,5991,0
9258,5992,0
9259,5993,0
9260,5994,0
9261,5995,0
9262,5996,0
9263,5997,0
9264,5998,0
9265,5999,0
9266,6000,0
9267,6000,0
9268,6001,0
9269,6001,0
9270,6002,0
9271,6003,0
9272,6004,0
9273,6004,0
9274,6004,0
9275,6005,0
9276,6006,0
9277,6006,0
9278,6006,0
9279,6006,0
9280,6007,0
9281,6007,0
9282,6008,0
9283,6009,0
9284,6010,0
9285,6011,0
9286,6012,0
9287,6013,0
9288,6014,0
9289,6015,0
9290,6016,0
9291,6017,0
9292,6018,0
9293,6019,0
9294,6020,0
9295,6021,0
9296,6022,0
9297,6023,0
9298,6024,0
9299,6025,0
9300,6026,0
9301,6027,0
9302,6028,0
9303,6028,0
9304,6029,0
9305,6030,0
9306,6031,0
9307,6032,0
9308,6033,0
9309,6034,0
9310,6035,0
9311,6036,0
9312,6037,0
9313,6037,0
9314,6037,0
9315,6038,0
9316,6039,0
9317,6039,0
9318,6039,0
9319,6039,0
9320,6039,0
9321,6040,0
9322,6040,0
9323,6040,0
9324,6040,0
9325,6041,0
9326,6042,0
9327,6043,0
9328,6043,0
9329,6044,0
9330,6044,0
9331,6044,0
9332,6045,0
9333,6046,0
9334,6047,0
9335,6048,0
9336,6048,0
9337,6049,0
9338,6050,0
9339,6051,0
9340,6051,0
9341,6052,0
9342,6053,0
9343,6053,0
9344,6053,0
9345,6054,0
9346,6055,0
9347,6056,0
9348,6057,0
9349,6057,0
9350,6058,0
9351,6058,0
9352,6059,0
9353,6060,0
9354,6060,0
9355,6060,0
9356,6061,0
9357,6061,0
9358,6062,0
9359,6063,0
9360,6063,0
9361,6063,0
9362,6063,0
9363,6063,0
9364,6063,0
9365,6063,0
9366,6064,0
9367,6065,0
9368,6065,0
9369,6065,0
9370,6066,0
9371,6067,0
9372,6067,0
9373,6067,0
9374,6067,0
9375,6067,0
9376,6068,0
9377,6068,0
9378,6068,0
9379,6068,0
9380,6068,0
9381,6068,0
9382,6068,0
9383,6069,0
9384,6069,0
9385,6069,0
9386,6070,0
9387,6070,0
9388,6070,0
9389,6070,0
9390,6070,0
9391,6070,0
9392,6071,0
9393,6071,0
9394,6071,0
9395,6071,0
9396,6071,0
9397,6071,0
9398,6072,0
9399,6073,0
9400,6073,0
9401,6073,0
9402,6073,0
9403,6074,0
9404,6074,0
9405,6074,0
9406,6074,0
9407,6075,0
9408,6075,0
9409,6075,0
9410,6076,0
9411,6076,0
9412,6076,0
9413,6076,0
9414,6076,0
9415,6076,0
9416,6077,0
9417,6077,0
9418,6077,0
9419,6077,0
9420,6077,0
9421,6077,0
9422,6077,0
9423,6077,0
9424,6078,0
9425,6078,0
9426,6078,0
9427,6078,0
9428,6078,0
9429,6078,0
9430,6079,0
9431,6079,0
9432,6079,0
9433,6079,0
9434,6079,0
9435,6079,0
9436,6079,0
9437,6080,0
9438,6081,0
9439,6081,0
9440,6081,0
9441,6081,0
9442,6081,0
9443,6082,0
9444,6082,0
9445,6082,0
9446,6083,0
9447,6084,0
9448,6084,0
9449,6084,0
9450,6085,0
9451,6086,0
9452,6086,0
9453,6086,0
9454,6087,0
9455,6088,0
9456,6089,0
9457,6089,0
9458,6089,0
9459,6089,0
9460,6089,0
9461,6089,0
9462,6090,0
9463,6090,0
9464,6090,0
9465,6090,0
9466,6090,0
9467,6091,0
9468,6091,0
9469,6091,0
9470,6091,0
9471,6091,0
9472,6091,0
9473,6091,0
9474,6092,0
9475,6092,0
9476,6092,0
9477,6092,0
9478,6092,0
9479,6092,0
9480,6093,0
9481,6093,0
9482,6093,0
9483,6093,0
9484,6094,0
9485,6095,0
9486,6096,0
9487,6096,0
9488,6096,0
9489,6096,0
9490,6097,0
9491,6097,0
9492,6098,0
9493,6098,0
9494,6098,0
9495,6098,0
9496,6098,0
9497,6099,0
9498,6099,0
9499,6100,0
9500,6100,0
9501,6101,0
9502,6101,0
9503,6101,0
9504,6101,0
9505,6101,0
9506,6101,0
9507,6101,0
9508,6101,0
9509,6101,0
9510,6101,0
9511,6101,0
9512,6101,0
9513,6101,0
9514,6102,0
9515,6103,0
9516,6103,0
9517,6103,0
9518,6103,0
9519,6103,0
9520,6104,0
9521,6104,0
9522,6104,0
9523,6104,0
9524,6104,0
9525,6105,0
9526,6106,0
9527,6106,0
9528,6107,0
9529,6107,0
9530,6107,0
9531,6108,0
9532,6108,0
9533,6108,0
9534,6108,0
9535,6108,0
9536,6108,0
9537,6108,0
9538,6108,0
9539,6108,0
9540,6108,0
9541,6108,0
9542,6108,0
9543,6108,0
9544,6108,0
9545,6109,0
9546,6109,0
9547,6109,0
9548,6109,0
9549,6109,0
9550,6109,0
9551,6109,0
9552,6109,0
9553,6109,0
9554,6110,0
9555,6110,0
9556,6110,0
9557,6110,0
9558,6110,0
9559,6110,0
9560,6110,0
9561,6111,0
9562,6111,0
9563,6111,0
9564,6112,0
9565,6113,0
9566,6113,0
9567,6113,0
9568,6114,0
9569,6114,0
9570,6115,0
9571,6116,0
9572,6116,0
9573,6116,0
9574,6116,0
9575,6117,0
9576,6118,0
9577,6119,0
9578,6120,0
9579,6120,0
9580,6121,0
9581,6121,0
9582,6122,0
9583,6122,0
9584,6122,0
9585,6122,0
9586,6122,0
9587,6122,0
9588,6123,0
9589,6123,0
9590,6123,0
9591,6124,0
9592,6124,0
9593,6125,0
9594,6125,0
9595,6125,0
9596,6125,0
9597,6125,0
9598,6125,0
9599,6125,0
9600,6125,0
9601,6126,0
9602,6126,0
9603,6126,0
9604,6126,0
9605,6126,0
9606,6127,0
9607,6127,0
9608,6127,0
9609,6127,0
9610,6127,0
9611,6127,0
9612,6128,0
9613,6128,0
9614,6128,0
9615,6128,0
9616,6128,0
9617,6129,0
9618,6129,0
9619,6129,0
9620,6129,0
9621,6129,0
9622,6129,0
9623,6112,0
9624,6130,0
9625,6131,0
9626,6131,0
9627,6131,0
9628,6131,0
9629,6131,0
9630,6131,0
9631,6131,0
9632,6132,0
9633,6133,0
9634,6134,0
9635,6134,0
9636,6134,0
9637,6134,0
9638,6134,0
9639,6134,0
9640,6135,0
9641,6135,0
9642,6135,0
9643,6136,0
9644,6136,0
9645,6136,0
9646,6136,0
9647,6136,0
9648,6136,0
9649,6137,0
9650,6137,0
9651,6137,0
9652,6138,0
9653,6136,0
9654,6139,0
9655,6139,0
9656,6139,0
9657,6139,0
9658,6139,0
9659,6140,0
9660,6140,0
9661,6140,0
9662,6140,0
9663,6140,0
9664,6140,0
9665,6140,0
9666,6141,0
9667,6141,0
9668,6141,0
9669,6141,0
9670,6141,0
9671,6141,0
9672,6141,0
9673,6141,0
9674,6141,0
9675,6141,0
9676,6141,0
9677,6142,0
9678,6142,0
9679,6142,0
9680,6143,0
9681,6144,0
9682,6145,0
9683,6145,0
9684,6146,0
9685,6146,0
9686,6146,0
9687,6146,0
9688,6147,0
9689,6148,0
9690,6148,0
9691,6148,0
9692,6148,0
9693,6148,0
9694,6148,0
9695,6148,0
9696,6148,0
9697,6148,0
9698,6148,0
9699,6149,0
9700,6149,0
9701,6149,0
9702,6149,0
9703,6149,0
9704,6150,0
9705,6150,0
9706,6150,0
9707,6150,0
9708,6150,0
9709,6151,0
9710,6151,0
9711,6151,0
9712,6151,0
9713,6152,0
9714,6152,0
9715,6152,0
9716,6152,0
9717,6152,0
9718,6153,0
9719,6153,0
9720,6153,0
9721,6153,0
9722,6153,0
9723,6154,0
9724,6154,0
9725,6154,0
9726,6154,0
9727,6154,0
9728,6155,0
9729,6156,0
9730,6156,0
9731,6156,0
9732,6157,0
9733,6157,0
9734,6157,0
9735,6157,0
9736,6157,0
9737,6158,0
9738,6158,0
9739,6158,0
9740,6158,0
9741,6158,0
9742,6159,0
9743,6159,0
9744,6159,0
9745,6159,0
9746,6159,0
9747,6160,0
9748,6160,0
9749,6160,0
9750,6160,0
9751,6160,0
9752,6161,0
9753,6161,0
9754,6161,0
9755,6161,0
9756,6161,0
9757,6161,0
9758,6162,0
9759,6162,0
9760,6162,0
9761,6162,0
9762,6162,0
9763,6163,0
9764,6164,0
9765,6164,0
9766,6165,0
9767,6165,0
9768,6165,0
9769,6165,0
9770,6165,0
9771,6165,0
9772,6165,0
9773,6166,0
9774,6166,0
9775,6166,0
9776,6167,0
9777,6167,0
9778,6168,0
9779,6168,0
9780,6168,0
9781,6168,0
9782,6168,0
9783,6168,0
9784,6169,0
9785,6169,0
9786,6169,0
9787,6169,0
9788,6169,0
9789,6170,0
9790,6170,0
9791,6170,0
9792,6170,0
9793,6170,0
9794,6170,0
9795,6171,0
9796,6171,0
9797,6171,0
9798,6171,0
9799,6171,0
9800,6172,0
9801,6172,0
9802,6172,0
9803,6172,0
9804,6172,0
9805,6173,0
9806,6173,0
9807,6173,0
9808,6173,0
9809,6173,0
9810,6173,0
9811,6174,0
9812,6174,0
9813,6174,0
9814,6174,0
9815,6174,0
9816,6174,0
9817,6175,0
9818,6175,0
9819,6175,0
9820,6175,0
9821,6175,0
9822,6175,0
9823,6176,0
9824,6176,0
9825,6176,0
9826,6176,0
9827,6176,0
9828,6176,0
9829,6177,0
9830,6177,0
9831,6177,0
9832,6177,0
9833,6177,0
9834,6177,0
9835,6178,0
9836,6178,0
9837,6178,0
9838,6178,0
9839,6178,0
9840,6178,0
9841,6179,0
9842,6179,0
9843,6179,0
9844,6179,0
9845,6179,0
9846,6179,0
9847,6180,0
9848,6180,0
9849,6180,0
9850,6180,0
9851,6180,0
9852,6180,0
9853,6181,0
9854,6181,0
9855,6181,0
9856,6182,0
9857,6182,0
9858,6183,0
9859,6183,0
9860,6183,0
9861,6183,0
9862,6183,0
9863,6184,0
9864,6184,0
9865,6184,0
9866,6184,0
9867,6184,0
9868,6185,0
9869,6185,0
9870,6185,0
9871,6185,0
9872,6185,0
9873,6185,0
9874,6186,0
9875,6186,0
9876,6186,0
9877,6186,0
9878,6186,0
9879,6186,0
9880,6187,0
9881,6187,0
9882,6187,0
9883,6187,0
9884,6187,0
9885,6188,0
9886,6188,0
9887,6188,0
9888,6188,0
9889,6188,0
9890,6189,0
9891,6189,0
9892,6189,0
9893,6189,0
9894,6189,0
9895,6190,0
9896,6191,0
9897,6191,0
9898,6191,0
9899,6191,0
9900,6192,0
9901,6192,0
9902,6192,0
9903,6192,0
9904,6192,0
9905,6193,0
9906,6193,0
9907,6193,0
9908,6193,0
9909,6194,0
9910,6195,0
9911,6196,0
9912,6197,0
9913,6198,0
9914,6199,0
9915,6200,0
9916,6201,0
9917,6200,0
9918,6202,0
9919,6203,0
9920,6204,0
9921,6205,0
9922,6206,0
9923,6207,0
9924,6208,0
9925,6209,0
9926,6210,0
9927,6211,0
9928,6212,0
9929,6213,0
9930,6214,0
9931,6215,0
9932,6214,0
9933,6214,0
9934,6216,0
9935,6217,0
9936,6218,0
9937,6218,0
9938,6219,0
9939,6220,0
9940,6221,0
9941,6222,0
9942,6222,0
9943,6223,0
9944,6223,0
9945,6224,0
9946,6224,0
9947,6225,0
9948,6226,0
9949,6226,0
9950,6226,0
9951,6226,0
9952,6227,0
9953,6228,0
9954,6228,0
9955,6229,0
9956,6230,0
9957,6230,0
9958,6230,0
9959,6230,0
9960,6231,0
9961,6232,0
9962,6232,0
9963,6233,0
9964,6234,0
9965,6235,0
9966,6235,0
9967,6236,0
9968,6236,0
9969,6236,0
9970,6236,0
9971,6236,0
9972,6237,0
9973,6237,0
9974,6237,0
9975,6237,0
9976,6238,0
9977,6238,0
9978,6237,0
9979,6237,0
9980,6237,0
9981,6237,0
9982,6239,0
9983,6239,0
9984,6240,0
9985,6240,0
9986,6240,0
9987,6240,0
9988,6241,0
9989,6241,0
9990,6241,0
9991,6242,0
9992,6243,0
9993,6243,0
9994,6243,0
9995,6243,0
9996,6243,0
9997,6244,0
9998,6244,0
9999,6244,0
10000,6244,0
10001,6245,0
10002,6245,0
10003,6246,0
10004,6246,0
10005,6246,0
10006,6247,0
10007,6247,0
10008,6247,0
10009,6247,0
10010,6247,0
10011,6248,0
10012,6248,0
10013,6248,0
10014,6248,0
10015,6248,0
10016,6248,0
10017,6248,0
10018,6248,0
10019,6248,0
10020,6248,0
10021,6248,0
10022,6249,0
10023,6249,0
10024,6249,0
10025,6249,0
10026,6249,0
10027,6249,0
10028,6249,0
10029,6250,0
10030,6250,0
10031,6251,0
10032,6251,0
10033,6251,0
10034,6251,0
10035,6251,0
10036,6251,0
10037,6251,0
10038,6251,0
10039,6251,0
10040,6252,0
10041,6252,0
10042,6252,0
10043,6252,0
10044,6252,0
10045,6253,0
10046,6253,0
10047,6254,0
10048,6254,0
10049,6254,0
10050,6254,0
10051,6254,0
10052,6254,0
10053,6254,0
10054,6254,0
10055,6254,0
10056,6254,0
10057,6255,0
10058,6255,0
10059,6256,0
10060,6256,0
10061,6256,0
10062,6256,0
10063,6256,0
10064,6257,0
10065,6257,0
10066,6257,0
10067,6257,0
10068,6257,0
10069,6257,0
10070,6257,0
10071,6257,0
10072,6258,0
10073,6258,0
10074,6258,0
10075,6258,0
10076,6258,0
10077,6258,0
10078,6259,0
10079,6259,0
10080,6260,0
10081,6260,0
10082,6260,0
10083,6260,0
10084,6261,0
10085,6261,0
10086,6261,0
10087,6261,0
10088,6261,0
10089,6261,0
10090,6261,0
10091,6261,0
10092,6262,0
10093,6262,0
10094,6262,0
10095,6262,0
10096,6262,0
10097,6262,0
10098,6263,0
10099,6263,0
10100,6263,0
10101,6263,0
10102,6263,0
10103,6263,0
10104,6264,0
10105,6265,0
10106,6266,0
10107,6267,0
10108,6268,0
10109,6269,0
10110,6269,0
10111,6269,0
10112,6269,0
10113,6269,0
10114,6269,0
10115,6270,0
10116,6271,0
10117,6272,0
10118,6272,0
10119,6273,0
10120,6274,0
10121,6275,0
10122,6276,0
10123,6276,0
10124,6277,0
10125,6278,0
10126,6279,0
10127,6279,0
10128,6280,0
10129,6280,0
10130,6280,0
10131,6281,0
10132,6281,0
10133,6281,0
10134,6282,0
10135,6283,0
10136,6284,0
10137,6284,0
10138,6285,0
10139,6285,0
10140,6285,0
10141,6286,0
10142,6286,0
10143,6286,0
10144,6287,0
10145,6288,0
10146,6289,0
10147,6289,0
10148,6289,0
10149,6290,0
10150,6291,0
10151,6292,0
10152,6293,0
10153,6293,0
10154,6293,0
10155,6293,0
10156,6294,0
10157,6294,0
10158,6294,0
10159,6294,0
10160,6294,0
10161,6295,0
10162,6296,0
10163,6296,0
10164,6296,0
10165,6296,0
10166,6296,0
10167,6296,0
10168,6297,0
10169,6298,0
10170,6299,0
10171,6299,0
10172,6300,0
10173,6301,0
10174,6302,0
10175,6302,0
10176,6302,0
10177,6302,0
10178,6302,0
10179,6303,0
10180,6303,0
10181,6303,0
10182,6303,0
10183,6303,0
10184,6304,0
10185,6305,0
10186,6305,0
10187,6305,0
10188,6305,0
10189,6306,0
10190,6307,0
10191,6307,0
10192,6307,0
10193,6308,0
10194,6309,0
10195,6309,0
10196,6309,0
10197,6310,0
10198,6310,0
10199,6311,0
10200,6312,0
10201,6313,0
10202,6314,0
10203,6315,0
10204,6315,0
10205,6316,0
10206,6316,0
10207,6317,0
10208,6317,0
10209,6318,0
10210,6318,0
10211,6319,0
10212,6320,0
10213,6320,0
10214,6321,0
10215,6321,0
10216,6321,0
10217,6322,0
10218,6323,0
10219,6323,0
10220,6323,0
10221,6324,0
10222,6324,0
10223,6324,0
10224,6324,0
10225,6324,0
10226,6325,0
10227,6325,0
10228,6326,0
10229,6326,0
10230,6327,0
10231,6327,0
10232,6327,0
10233,6327,0
10234,6327,0
10235,6327,0
10236,6327,0
10237,6327,0
10238,6328,0
10239,6328,0
10240,6328,0
10241,6328,0
10242,6328,0
10243,6329,0
10244,6329,0
10245,6329,0
10246,6329,0
10247,6329,0
10248,6278,0
10249,6330,0
10250,6330,0
10251,6330,0
10252,6331,0
10253,6331,0
10254,6332,0
10255,6332,0
10256,6332,0
10257,6333,0
10258,6333,0
10259,6333,0
10260,6334,0
10261,6334,0
10262,6334,0
10263,6334,0
10264,6335,0
10265,6335,0
10266,6335,0
10267,6335,0
10268,6335,0
10269,6335,0
10270,6335,0
10271,6336,0
10272,6336,0
10273,6336,0
10274,6336,0
10275,6337,0
10276,6337,0
10277,6338,0
10278,6338,0
10279,6338,0
10280,6338,0
10281,6338,0
10282,6339,0
10283,6339,0
10284,6340,0
10285,6341,0
10286,6341,0
10287,6341,0
10288,6341,0
10289,6341,0
10290,6341,0
10291,6341,0
10292,6342,0
10293,6342,0
10294,6342,0
10295,6342,0
10296,6342,0
10297,6342,0
10298,6342,0
10299,6342,0
10300,6342,0
10301,6342,0
10302,6342,0
10303,6342,0
10304,6343,0
10305,6344,0
10306,6344,0
10307,6345,0
10308,6345,0
10309,6345,0
10310,6346,0
10311,6346,0
10312,6346,0
10313,6346,0
10314,6347,0
10315,6348,0
10316,6348,0
10317,6348,0
10318,6349,0
10319,6350,0
10320,6350,0
10321,6350,0
10322,6351,0
10323,6351,0
10324,6352,0
10325,6352,0
10326,6352,0
10327,6353,0
10328,6353,0
10329,6354,0
10330,6354,0
10331,6355,0
10332,6355,0
10333,6355,0
10334,6355,0
10335,6356,0
10336,6357,0
10337,6357,0
10338,6358,0
10339,6358,0
10340,6358,0
10341,6359,0
10342,6359,0
10343,6360,0
10344,6360,0
10345,6361,0
10346,6361,0
10347,6361,0
10348,6361,0
10349,6361,0
10350,6362,0
10351,6362,0
10352,6362,0
10353,6362,0
10354,6362,0
10355,6362,0
10356,6363,0
10357,6363,0
10358,6363,0
10359,6363,0
10360,6363,0
10361,6364,0
10362,6364,0
10363,6364,0
10364,6364,0
10365,6364,0
10366,6365,0
10367,6365,0
10368,6365,0
10369,6365,0
10370,6366,0
10371,6366,0
10372,6366,0
10373,6366,0
10374,6366,0
10375,6367,0
10376,6367,0
10377,6367,0
10378,6367,0
10379,6368,0
10380,6368,0
10381,6368,0
10382,6369,0
10383,6369,0
10384,6370,0
10385,6370,0
10386,6370,0
10387,6370,0
10388,6370,0
10389,6371,0
10390,6371,0
10391,6372,0
10392,6371,0
10393,6371,0
10394,6373,0
10395,6373,0
10396,6373,0
10397,6374,0
10398,6374,0
10399,6375,0
10400,6375,0
10401,6375,0
10402,6375,0
10403,6375,0
10404,6375,0
10405,6376,0
10406,6376,0
10407,6376,0
10408,6376,0
10409,6377,0
10410,6378,0
10411,6379,0
10412,6380,0
10413,6380,0
10414,6381,0
10415,6381,0
10416,6381,0
10417,6382,0
10418,6382,0
10419,6383,0
10420,6383,0
10421,6384,0
10422,6384,0
10423,6385,0
10424,6385,0
10425,6386,0
10426,6386,0
10427,6387,0
10428,6387,0
10429,6388,0
10430,6389,0
10431,6390,0
10432,6391,0
10433,6392,0
10434,6393,0
10435,6394,0
10436,6395,0
10437,6396,0
10438,6397,0
10439,6398,0
10440,6399,0
10441,6399,0
10442,6399,0
10443,6399,0
10444,6400,0
10445,6400,0
10446,6400,0
10447,6400,0
10448,6401,0
10449,6402,0
10450,6402,0
10451,6402,0
10452,6403,0
10453,6403,0
10454,6404,0
10455,6404,0
10456,6405,0
10457,6406,0
10458,6407,0
10459,6408,0
10460,6408,0
10461,6408,0
10462,6409,0
10463,6410,0
10464,6410,0
10465,6411,0
10466,6412,0
10467,6413,0
10468,6413,0
10469,6414,0
10470,6415,0
10471,6416,0
10472,6416,0
10473,6417,0
10474,6417,0
10475,6418,0
10476,6418,0
10477,6419,0
10478,6419,0
10479,6420,0
10480,6420,0
10481,6420,0
10482,6420,0
10483,6421,0
10484,6422,0
10485,6422,0
10486,6423,0
10487,6424,0
10488,6425,0
10489,6426,0
10490,6427,0
10491,6427,0
10492,6428,0
10493,6428,0
10494,6429,0
10495,6429,0
10496,6430,0
10497,6431,0
10498,6431,0
10499,6432,0
10500,6433,0
10501,6434,0
10502,6435,0
10503,6434,0
10504,6436,0
10505,6437,0
10506,6437,0
10507,6437,0
10508,6437,0
10509,6438,0
10510,6438,0
10511,6438,0
10512,6438,0
10513,6438,0
10514,6439,0
10515,6440,0
10516,6440,0
10517,6440,0
10518,6441,0
10519,6441,0
10520,6442,0
10521,6442,0
10522,6442,0
10523,6443,0
10524,6444,0
10525,6445,0
10526,6446,0
10527,6446,0
10528,6447,0
10529,6447,0
10530,6447,0
10531,6447,0
10532,6448,0
10533,6448,0
10534,6449,0
10535,6449,0
10536,6450,0
10537,6451,0
10538,6452,0
10539,6452,0
10540,6453,0
10541,6454,0
10542,6454,0
10543,6454,0
10544,6455,0
10545,6456,0
10546,6456,0
10547,6457,0
10548,6458,0
10549,6459,0
10550,6459,0
10551,6460,0
10552,6460,0
10553,6460,0
10554,6460,0
10555,6461,0
10556,6461,0
10557,6461,0
10558,6461,0
10559,6461,0
10560,6461,0
10561,6461,0
10562,6461,0
10563,6462,0
10564,6462,0
10565,6462,0
10566,6463,0
10567,6463,0
10568,6464,0
10569,6465,0
10570,6466,0
10571,6467,0
10572,6468,0
10573,6469,0
10574,6470,0
10575,6471,0
10576,6472,0
10577,6472,0
10578,6473,0
10579,6474,0
10580,6475,0
10581,6476,0
10582,6477,0
10583,6478,0
10584,6479,0
10585,6480,0
10586,6481,0
10587,6482,0
10588,6483,0
10589,6483,0
10590,6484,0
10591,6485,0
10592,6486,0
10593,6486,0
10594,6487,0
10595,6488,0
10596,6489,0
10597,6489,0
10598,6490,0
10599,6490,0
10600,6491,0
10601,6491,0
10602,6492,0
10603,6493,0
10604,6494,0
10605,6494,0
10606,6495,0
10607,6495,0
10608,6496,0
10609,6497,0
10610,6497,0
10611,6498,0
10612,6499,0
10613,6500,0
10614,6501,0
10615,6502,0
10616,6503,0
10617,6504,0
10618,6505,0
10619,6506,0
10620,6507,0
10621,6508,0
10622,6509,0
10623,6509,0
10624,6510,0
10625,6510,0
10626,6511,0
10627,6512,0
10628,6513,0
10629,6513,0
10630,6514,0
10631,6515,0
10632,6516,0
10633,6517,0
10634,6518,0
10635,6519,0
10636,6520,0
10637,6520,0
10638,6520,0
10639,6521,0
10640,6522,0
10641,6522,0
10642,6522,0
10643,6523,0
10644,6524,0
10645,6524,0
10646,6524,0
10647,6525,0
10648,6526,0
10649,6526,0
10650,6527,0
10651,6528,0
10652,6529,0
10653,6530,0
10654,6530,0
10655,6531,0
10656,6532,0
10657,6533,0
10658,6533,0
10659,6533,0
10660,6534,0
10661,6534,0
10662,6535,0
10663,6535,0
10664,6536,0
10665,6536,0
10666,6536,0
10667,6537,0
10668,6538,0
10669,6539,0
10670,6539,0
10671,6540,0
10672,6541,0
10673,6542,0
10674,6542,0
10675,6543,0
10676,6543,0
10677,6544,0
10678,6544,0
10679,6545,0
10680,6546,0
10681,6547,0
10682,6548,0
10683,6549,0
10684,6549,0
10685,6550,0
10686,6550,0
10687,6551,0
10688,6551,0
10689,6551,0
10690,6551,0
10691,6552,0
10692,6552,0
10693,6552,0
10694,6552,0
10695,6553,0
10696,6553,0
10697,6553,0
10698,6553,0
10699,6554,0
10700,6554,0
10701,6555,0
10702,6555,0
10703,6555,0
10704,6556,0
10705,6556,0
10706,6556,0
10707,6556,0
10708,6557,0
10709,6557,0
10710,6557,0
10711,6558,0
10712,6558,0
10713,6558,0
10714,6558,0
10715,6559,0
10716,6560,0
10717,6561,0
10718,6562,0
10719,6563,0
10720,6564,0
10721,6565,0
10722,6566,0
10723,6567,0
10724,6568,0
10725,6568,0
10726,6569,0
10727,6570,0
10728,6571,0
10729,6572,0
10730,6572,0
10731,6573,0
10732,6574,0
10733,6575,0
10734,6576,0
10735,6576,0
10736,6577,0
10737,6578,0
10738,6579,0
10739,6579,0
10740,6580,0
10741,6581,0
10742,6582,0
10743,6583,0
10744,6584,0
10745,6585,0
10746,6585,0
10747,6585,0
10748,6586,0
10749,6587,0
10750,6587,0
10751,6588,0
10752,6588,0
10753,6589,0
10754,6590,0
10755,6591,0
10756,6592,0
10757,6593,0
10758,6594,0
10759,6594,0
10760,6595,0
10761,6596,0
10762,6596,0
10763,6597,0
10764,6597,0
10765,6597,0
10766,6598,0
10767,6599,0
10768,6600,0
10769,6600,0
10770,6601,0
10771,6602,0
10772,6603,0
10773,6603,0
10774,6604,0
10775,6604,0
10776,6605,0
10777,6606,0
10778,6607,0
10779,6608,0
10780,6608,0
10781,6609,0
10782,6609,0
10783,6609,0
10784,6609,0
10785,6610,0
10786,6610,0
10787,6610,0
10788,6610,0
10789,6610,0
10790,6610,1
10791,6611,0
10792,6611,0
10793,6612,0
10794,6613,0
10795,6613,0
10796,6614,0
10797,6614,0
10798,6614,0
10799,6614,0
10800,6614,0
10801,6614,0
10802,6615,0
10803,6616,0
10804,6616,0
10805,6617,0
10806,6617,0
10807,6617,0
10808,6617,0
10809,6617,0
10810,6618,0
10811,6618,0
10812,6619,0
10813,6619,0
10814,6619,0
10815,6619,0
10816,6619,0
10817,6619,0
10818,6620,0
10819,6620,0
10820,6620,0
10821,6620,0
10822,6620,0
10823,6621,0
10824,6622,0
10825,6622,0
10826,6622,0
10827,6622,0
10828,6622,0
10829,6622,0
10830,6623,0
10831,6623,0
10832,6623,0
10833,6623,0
10834,6623,0
10835,6623,0
10836,6624,0
10837,6624,0
10838,6625,0
10839,6625,0
10840,6626,0
10841,6626,0
10842,6626,0
10843,6626,0
10844,6626,0
10845,6626,0
10846,6626,0
10847,6626,0
10848,6627,0
10849,6627,0
10850,6627,0
10851,6627,0
10852,6627,0
10853,6627,0
10854,6628,0
10855,6628,0
10856,6628,0
10857,6628,0
10858,6628,0
10859,6628,0
10860,6629,0
10861,6629,0
10862,6629,0
10863,6630,0
10864,6630,0
10865,6631,0
10866,6631,0
10867,6631,0
10868,6631,0
10869,6631,0
10870,6631,0
10871,6632,0
10872,6632,0
10873,6632,0
10874,6632,0
10875,6632,0
10876,6632,0
10877,6633,0
10878,6633,0
10879,6633,0
10880,6633,0
10881,6634,0
10882,6634,0
10883,6635,0
10884,6635,0
10885,6635,0
10886,6635,0
10887,6635,0
10888,6635,0
10889,6636,0
10890,6636,0
10891,6636,0
10892,6636,0
10893,6636,0
10894,6637,0
10895,6637,0
10896,6638,0
10897,6638,0
10898,6639,0
10899,6639,0
10900,6639,0
10901,6639,0
10902,6640,0
10903,6640,0
10904,6640,0
10905,6641,0
10906,6641,0
10907,6641,0
10908,6642,0
10909,6642,0
10910,6642,0
10911,6642,0
10912,6642,0
10913,6642,0
10914,6643,0
10915,6643,0
10916,6643,0
10917,6643,0
10918,6643,0
10919,6643,0
10920,6643,0
10921,6643,0
10922,6643,0
10923,6643,0
10924,6643,0
10925,6643,0
10926,6644,0
10927,6645,0
10928,6646,0
10929,6647,0
10930,6648,0
10931,6649,0
10932,6649,0
10933,6649,0
10934,6649,0
10935,6650,0
10936,6650,0
10937,6651,0
10938,6652,0
10939,6653,0
10940,6654,0
10941,6654,0
10942,6654,0
10943,6655,0
10944,6656,0
10945,6656,0
10946,6657,0
10947,6657,0
10948,6657,0
10949,6658,0
10950,6658,0
10951,6658,0
10952,6659,0
10953,6659,0
10954,6660,0
10955,6661,0
10956,6661,0
10957,6661,0
10958,6661,0
10959,6662,0
10960,6662,0
10961,6662,0
10962,6662,0
10963,6662,0
10964,6662,0
10965,6663,0
10966,6663,0
10967,6663,0
10968,6663,0
10969,6663,0
10970,6663,0
10971,6664,0
10972,6665,0
10973,6665,0
10974,6665,0
10975,6665,0
10976,6666,0
10977,6667,0
10978,6667,0
10979,6667,0
10980,6668,0
10981,6668,0
10982,6668,0
10983,6668,0
10984,6669,0
10985,6669,0
10986,6669,0
10987,6669,0
10988,6669,0
10989,6669,0
10990,6669,0
10991,6669,0
10992,6670,0
10993,6670,0
10994,6670,0
10995,6670,0
10996,6671,0
10997,6672,0
10998,6672,0
10999,6673,0
11000,6673,0
11001,6674,0
11002,6674,0
11003,6674,0
11004,6674,0
11005,6675,0
11006,6676,0
11007,6676,0
11008,6676,0
11009,6676,0
11010,6676,0
11011,6677,0
11012,6677,0
11013,6677,0
11014,6677,0
11015,6677,0
11016,6678,0
11017,6678,0
11018,6678,0
11019,6678,0
11020,6679,0
11021,6680,0
11022,6680,0
11023,6680,0
11024,6680,0
11025,6680,0
11026,6681,0
11027,6681,0
11028,6681,0
11029,6682,0
11030,6683,0
11031,6684,0
11032,6684,0
11033,6684,0
11034,6665,0
11035,6665,0
11036,6665,0
11037,6665,0
11038,6665,0
11039,6665,0
11040,6665,0
11041,6665,0
11042,6665,0
11043,6665,0
11044,6665,0
11045,6665,0
11046,6665,0
11047,6665,0
11048,6665,0
11049,6665,0
11050,6665,0
11051,6665,0
11052,6665,0
11053,6665,0
11054,6665,0
11055,6665,0
11056,6665,0
11057,6665,0
11058,6665,0
11059,6665,0
11060,6665,0
11061,6665,0
11062,6665,0
11063,6665,0
11064,6665,0
11065,6685,0
11066,6685,0
11067,6685,0
11068,6685,0
11069,6685,0
11070,6685,0
11071,6685,0
11072,6685,0
11073,6686,0
11074,6686,0
11075,6686,0
11076,6686,0
11077,6686,0
11078,6686,0
11079,6686,0
11080,6686,0
11081,6686,0
11082,6687,0
11083,6687,0
11084,6687,0
11085,6687,0
11086,6687,0
11087,6687,0
11088,6687,0
11089,6687,0
11090,6687,0
11091,6687,0
11092,6687,0
11093,6687,0
11094,6687,0
11095,6687,0
11096,6687,0
11097,6687,0
11098,6687,0
11099,6687,0
11100,6687,0
11101,6687,0
11102,6687,0
11103,6687,0
11104,6687,0
11105,6687,0
11106,6687,0
11107,6687,0
11108,6687,0
11109,6687,0
11110,6687,0
11111,6687,0
11112,6687,0
11113,6687,0
11114,6687,0
11115,6687,0
11116,6687,0
11117,6688,0
11118,6689,0
11119,6689,0
11120,6689,0
11121,6690,0
11122,6690,0
11123,6690,0
11124,6690,0
11125,6690,0
11126,6691,0
11127,6691,0
11128,6692,0
11129,6692,0
11130,6693,0
11131,6693,0
11132,6693,0
11133,6693,0
11134,6694,0
11135,6695,0
11136,6696,0
11137,6696,0
11138,6697,0
11139,6698,0
11140,6698,0
11141,6698,0
11142,6699,0
11143,6699,0
11144,6700,0
11145,6700,0
11146,6701,0
11147,6701,0
11148,6701,0
11149,6701,0
11150,6702,0
11151,6702,0
11152,6703,0
11153,6703,0
11154,6704,0
11155,6705,0
11156,6705,0
11157,6705,0
11158,6705,0
11159,6705,0
11160,6705,0
11161,6705,0
11162,6705,0
11163,6705,0
11164,6705,0
11165,6705,0
11166,6705,0
11167,6705,0
11168,6705,0
11169,6705,0
11170,6705,0
11171,6705,0
11172,6705,0
11173,6705,0
11174,6705,0
11175,6705,0
11176,6705,0
11177,6706,0
11178,6706,0
11179,6706,0
11180,6706,0
11181,6706,0
11182,6706,0
11183,6707,0
11184,6707,0
11185,6707,0
11186,6707,0
11187,6707,0
11188,6707,0
11189,6708,0
11190,6708,0
11191,6708,0
11192,6708,0
11193,6708,0
11194,6708,0
11195,6709,0
11196,6709,0
11197,6709,0
11198,6709,0
11199,6709,0
11200,6710,0
11201,6710,0
11202,6710,0
11203,6710,0
11204,6710,0
11205,6710,0
11206,6711,0
11207,6711,0
11208,6711,0
11209,6711,0
11210,6711,0
11211,6712,0
11212,6712,0
11213,6712,0
11214,6712,0
11215,6712,0
11216,6713,0
11217,6713,0
11218,6713,0
11219,6713,0
11220,6714,0
11221,6715,0
11222,6715,0
11223,6715,0
11224,6715,0
11225,6716,0
11226,6716,0
11227,6716,0
11228,6716,0
11229,6716,0
11230,6716,0
11231,6717,0
11232,6717,0
11233,6717,0
11234,6717,0
11235,6717,0
11236,6717,0
11237,6717,0
11238,6718,0
11239,6718,0
11240,6718,0
11241,6718,0
11242,6718,0
11243,6719,0
11244,6719,0
11245,6719,0
11246,6719,0
11247,6719,0
11248,6720,0
11249,6720,0
11250,6720,0
11251,6720,0
11252,6720,0
11253,6721,0
11254,6722,0
11255,6722,0
11256,6722,0
11257,6722,0
11258,6722,0
11259,6723,0
11260,6723,0
11261,6723,0
11262,6723,0
11263,6723,0
11264,6724,0
11265,6724,0
11266,6724,0
11267,6724,0
11268,6724,0
11269,6724,0
11270,6725,0
11271,6725,0
11272,6725,0
11273,6725,0
11274,6725,0
11275,6726,0
11276,6726,0
11277,6726,0
11278,6726,0
11279,6726,0
11280,6727,0
11281,6727,0
11282,6727,0
11283,6727,0
11284,6727,0
11285,6727,0
11286,6728,0
11287,6728,0
11288,6728,0
11289,6728,0
11290,6728,0
11291,6729,0
11292,6729,0
11293,6729,0
11294,6729,0
11295,6729,0
11296,6729,0
11297,6730,0
11298,6731,0
11299,6732,0
11300,6731,0
11301,6733,0
11302,6733,0
11303,6734,0
11304,6735,0
11305,6736,0
11306,6736,0
11307,6737,0
11308,6738,0
11309,6739,0
11310,6739,0
11311,6740,0
11312,6741,0
11313,6742,0
11314,6743,0
11315,6744,0
11316,6745,0
11317,6746,0
11318,6744,0
11319,6747,0
11320,6748,0
11321,6745,0
11322,6748,0
11323,6745,0
11324,6749,0
11325,6745,0
11326,6750,0
11327,6751,0
11328,6752,0
11329,6751,0
11330,6749,0
11331,6753,0
11332,6754,0
11333,6751,0
11334,6755,0
11335,6751,0
11336,6756,0
11337,6757,0
11338,6757,0
11339,6758,0
11340,6759,0
11341,6760,0
11342,6761,0
11343,6762,0
11344,6763,0
11345,6764,0
11346,6765,0
11347,6766,0
11348,6767,0
11349,6768,0
11350,6769,0
11351,6770,0
11352,6771,0
11353,6772,0
11354,6772,0
11355,6772,0
11356,6773,0
11357,6773,0
11358,6773,0
11359,6774,0
11360,6774,0
11361,6775,0
11362,6775,0
11363,6776,0
11364,6777,0
11365,6777,0
11366,6778,0
11367,6779,0
11368,6779,0
11369,6780,0
11370,6780,0
11371,6781,0
11372,6781,0
11373,6782,0
11374,6783,0
11375,6784,0
11376,6785,0
11377,6786,0
11378,6787,0
11379,6788,0
11380,6789,0
11381,6789,0
11382,6789,0
11383,6790,0
11384,6790,0
11385,6791,0
11386,6792,0
11387,6792,0
11388,6744,0
11389,6793,0
11390,6793,0
11391,6793,0
11392,6793,0
11393,6793,0
11394,6793,0
11395,6793,0
11396,6793,0
11397,6793,0
11398,6794,0
11399,6794,0
11400,6794,0
11401,6795,0
11402,6795,0
11403,6795,0
11404,6795,0
11405,6795,0
11406,6795,0
11407,6795,0
11408,6795,0
11409,6795,0
11410,6795,0
11411,6795,0
11412,6795,0
11413,6795,0
11414,6795,0
11415,6796,0
11416,6796,0
11417,6796,0
11418,6796,0
11419,6796,0
11420,6796,0
11421,6796,0
11422,6796,0
11423,6796,0
11424,6796,0
11425,6796,0
11426,6796,0
11427,6797,0
11428,6797,0
11429,6797,0
11430,6797,0
11431,6797,0
11432,6797,0
11433,6797,0
11434,6797,0
11435,6798,0
11436,6798,0
11437,6798,0
11438,6798,0
11439,6798,0
11440,6798,0
11441,6798,0
11442,6798,0
11443,6799,0
11444,6800,0
11445,6801,0
11446,6801,0
11447,6801,0
11448,6801,0
11449,6801,0
11450,6802,0
11451,6802,0
11452,6802,0
11453,6802,0
11454,6802,0
11455,6803,0
11456,6803,0
11457,6803,0
11458,6803,0
11459,6803,0
11460,6804,0
11461,6804,0
11462,6804,0
11463,6804,0
11464,6805,0
11465,6805,0
11466,6805,0
11467,6805,0
11468,6805,0
11469,6806,0
11470,6806,0
11471,6806,0
11472,6806,0
11473,6807,0
11474,6807,0
11475,6807,0
11476,6807,0
11477,6808,0
11478,6808,0
11479,6808,0
11480,6808,0
11481,6809,0
11482,6809,0
11483,6809,0
11484,6809,0
11485,6810,0
11486,6810,0
11487,6810,0
11488,6810,0
11489,6810,0
11490,6811,0
11491,6811,0
11492,6812,0
11493,6812,0
11494,6813,0
11495,6813,0
11496,6814,0
11497,6815,0
11498,6815,0
11499,6815,0
11500,6815,0
11501,6815,0
11502,6816,0
11503,6816,0
11504,6816,0
11505,6816,0
11506,6816,0
11507,6816,0
11508,6816,0
11509,6816,0
11510,6816,0
11511,6816,0
11512,6816,0
11513,6816,0
11514,6816,0
11515,6816,0
11516,6816,0
11517,6816,0
11518,6816,0
11519,6817,0
11520,6817,0
11521,6817,0
11522,6817,0
11523,6817,0
11524,6818,0
11525,6818,0
11526,6818,0
11527,6819,0
11528,6819,0
11529,6819,0
11530,6820,0
11531,6820,0
11532,6820,0
11533,6820,0
11534,6820,0
11535,6821,0
11536,6821,0
11537,6821,0
11538,6821,0
11539,6821,0
11540,6821,0
11541,6822,0
11542,6822,0
11543,6822,0
11544,6822,0
11545,6822,0
11546,6822,0
11547,6822,0
11548,6822,0
11549,6822,0
11550,6822,0
11551,6822,0
11552,6823,0
11553,6824,0
11554,6824,0
11555,6824,0
11556,6824,0
11557,6824,0
11558,6824,0
11559,6824,0
11560,6824,0
11561,6824,0
11562,6825,0
11563,6825,0
11564,6825,0
11565,6825,0
11566,6825,0
11567,6825,0
11568,6825,0
11569,6825,0
11570,6825,0
11571,6825,0
11572,6825,0
11573,6825,0
11574,6826,0
11575,6826,0
11576,6826,0
11577,6826,0
11578,6826,0
11579,6826,0
11580,6827,0
11581,6827,0
11582,6827,0
11583,6827,0
11584,6827,0
11585,6827,0
11586,6828,0
11587,6828,0
11588,6828,0
11589,6828,0
11590,6828,0
11591,6829,0
11592,6829,0
11593,6829,0
11594,6829,0
11595,6829,0
11596,6829,0
11597,6829,0
11598,6830,0
11599,6831,0
11600,6831,0
11601,6831,0
11602,6832,0
11603,6833,0
11604,6833,0
11605,6833,0
11606,6833,0
11607,6833,0
11608,6834,0
11609,6834,0
11610,6835,0
11611,6835,0
11612,6835,0
11613,6835,0
11614,6835,0
